grid_x,grid_y,FGA,FGM,FG_PCT,PLAYER
-238.0,-38.0,5,1,0.2,Allen Iverson
-238.0,-13.0,75,27,0.36,Allen Iverson
-238.0,12.0,74,25,0.3378,Allen Iverson
-238.0,37.0,66,27,0.4091,Allen Iverson
-238.0,62.0,42,14,0.3333,Allen Iverson
-238.0,87.0,28,12,0.4286,Allen Iverson
-238.0,112.0,32,10,0.3125,Allen Iverson
-238.0,137.0,12,1,0.0833,Allen Iverson
-238.0,162.0,2,0,0.0,Allen Iverson
-213.0,-38.0,4,2,0.5,Allen Iverson
-213.0,-13.0,32,16,0.5,Allen Iverson
-213.0,12.0,48,21,0.4375,Allen Iverson
-213.0,37.0,40,17,0.425,Allen Iverson
-213.0,62.0,21,10,0.4762,Allen Iverson
-213.0,87.0,29,8,0.2759,Allen Iverson
-213.0,112.0,70,23,0.3286,Allen Iverson
-213.0,137.0,142,45,0.3169,Allen Iverson
-213.0,162.0,83,28,0.3373,Allen Iverson
-213.0,187.0,28,10,0.3571,Allen Iverson
-213.0,212.0,3,0,0.0,Allen Iverson
-213.0,362.0,2,0,0.0,Allen Iverson
-213.0,387.0,1,0,0.0,Allen Iverson
-188.0,-38.0,27,12,0.4444,Allen Iverson
-188.0,-13.0,178,85,0.4775,Allen Iverson
-188.0,12.0,192,87,0.4531,Allen Iverson
-188.0,37.0,110,44,0.4,Allen Iverson
-188.0,62.0,63,22,0.3492,Allen Iverson
-188.0,87.0,72,37,0.5139,Allen Iverson
-188.0,112.0,47,18,0.383,Allen Iverson
-188.0,137.0,55,20,0.3636,Allen Iverson
-188.0,162.0,212,79,0.3726,Allen Iverson
-188.0,187.0,168,41,0.244,Allen Iverson
-188.0,212.0,42,7,0.1667,Allen Iverson
-188.0,237.0,12,1,0.0833,Allen Iverson
-188.0,262.0,1,0,0.0,Allen Iverson
-188.0,287.0,1,0,0.0,Allen Iverson
-188.0,387.0,5,0,0.0,Allen Iverson
-188.0,512.0,1,1,1.0,Allen Iverson
-163.0,-38.0,25,17,0.68,Allen Iverson
-163.0,-13.0,199,87,0.4372,Allen Iverson
-163.0,12.0,229,76,0.3319,Allen Iverson
-163.0,37.0,149,37,0.2483,Allen Iverson
-163.0,62.0,145,63,0.4345,Allen Iverson
-163.0,87.0,131,55,0.4198,Allen Iverson
-163.0,112.0,89,37,0.4157,Allen Iverson
-163.0,137.0,63,25,0.3968,Allen Iverson
-163.0,162.0,49,16,0.3265,Allen Iverson
-163.0,187.0,182,62,0.3407,Allen Iverson
-163.0,212.0,119,35,0.2941,Allen Iverson
-163.0,237.0,26,7,0.2692,Allen Iverson
-163.0,262.0,2,1,0.5,Allen Iverson
-163.0,287.0,2,0,0.0,Allen Iverson
-163.0,387.0,2,0,0.0,Allen Iverson
-163.0,462.0,1,0,0.0,Allen Iverson
-138.0,-38.0,16,12,0.75,Allen Iverson
-138.0,-13.0,89,44,0.4944,Allen Iverson
-138.0,12.0,157,55,0.3503,Allen Iverson
-138.0,37.0,97,35,0.3608,Allen Iverson
-138.0,62.0,101,27,0.2673,Allen Iverson
-138.0,87.0,126,51,0.4048,Allen Iverson
-138.0,112.0,144,51,0.3542,Allen Iverson
-138.0,137.0,101,39,0.3861,Allen Iverson
-138.0,162.0,56,26,0.4643,Allen Iverson
-138.0,187.0,50,24,0.48,Allen Iverson
-138.0,212.0,137,40,0.292,Allen Iverson
-138.0,237.0,39,8,0.2051,Allen Iverson
-138.0,262.0,11,0,0.0,Allen Iverson
-138.0,287.0,1,0,0.0,Allen Iverson
-138.0,337.0,1,0,0.0,Allen Iverson
-138.0,387.0,2,0,0.0,Allen Iverson
-113.0,-38.0,4,3,0.75,Allen Iverson
-113.0,-13.0,48,17,0.3542,Allen Iverson
-113.0,12.0,91,32,0.3516,Allen Iverson
-113.0,37.0,76,19,0.25,Allen Iverson
-113.0,62.0,87,29,0.3333,Allen Iverson
-113.0,87.0,89,25,0.2809,Allen Iverson
-113.0,112.0,119,42,0.3529,Allen Iverson
-113.0,137.0,124,54,0.4355,Allen Iverson
-113.0,162.0,90,28,0.3111,Allen Iverson
-113.0,187.0,32,15,0.4688,Allen Iverson
-113.0,212.0,52,17,0.3269,Allen Iverson
-113.0,237.0,61,25,0.4098,Allen Iverson
-113.0,262.0,8,2,0.25,Allen Iverson
-113.0,287.0,2,0,0.0,Allen Iverson
-113.0,387.0,2,0,0.0,Allen Iverson
-113.0,812.0,1,0,0.0,Allen Iverson
-88.0,-38.0,2,1,0.5,Allen Iverson
-88.0,-13.0,29,14,0.4828,Allen Iverson
-88.0,12.0,69,21,0.3043,Allen Iverson
-88.0,37.0,61,31,0.5082,Allen Iverson
-88.0,62.0,73,36,0.4932,Allen Iverson
-88.0,87.0,62,28,0.4516,Allen Iverson
-88.0,112.0,84,31,0.369,Allen Iverson
-88.0,137.0,92,36,0.3913,Allen Iverson
-88.0,162.0,92,35,0.3804,Allen Iverson
-88.0,187.0,47,19,0.4043,Allen Iverson
-88.0,212.0,13,5,0.3846,Allen Iverson
-88.0,237.0,49,19,0.3878,Allen Iverson
-88.0,262.0,23,7,0.3043,Allen Iverson
-88.0,287.0,1,0,0.0,Allen Iverson
-88.0,312.0,1,1,1.0,Allen Iverson
-88.0,512.0,1,0,0.0,Allen Iverson
-63.0,-38.0,2,0,0.0,Allen Iverson
-63.0,-13.0,23,5,0.2174,Allen Iverson
-63.0,12.0,55,19,0.3455,Allen Iverson
-63.0,37.0,94,43,0.4574,Allen Iverson
-63.0,62.0,86,35,0.407,Allen Iverson
-63.0,87.0,93,37,0.3978,Allen Iverson
-63.0,112.0,67,27,0.403,Allen Iverson
-63.0,137.0,71,37,0.5211,Allen Iverson
-63.0,162.0,50,17,0.34,Allen Iverson
-63.0,187.0,49,17,0.3469,Allen Iverson
-63.0,212.0,20,9,0.45,Allen Iverson
-63.0,237.0,37,9,0.2432,Allen Iverson
-63.0,262.0,20,6,0.3,Allen Iverson
-63.0,287.0,2,0,0.0,Allen Iverson
-38.0,-38.0,1,0,0.0,Allen Iverson
-38.0,-13.0,16,3,0.1875,Allen Iverson
-38.0,12.0,67,19,0.2836,Allen Iverson
-38.0,37.0,79,15,0.1899,Allen Iverson
-38.0,62.0,84,39,0.4643,Allen Iverson
-38.0,87.0,65,22,0.3385,Allen Iverson
-38.0,112.0,38,8,0.2105,Allen Iverson
-38.0,137.0,39,15,0.3846,Allen Iverson
-38.0,162.0,49,18,0.3673,Allen Iverson
-38.0,187.0,57,19,0.3333,Allen Iverson
-38.0,212.0,26,9,0.3462,Allen Iverson
-38.0,237.0,19,7,0.3684,Allen Iverson
-38.0,262.0,32,10,0.3125,Allen Iverson
-38.0,287.0,1,0,0.0,Allen Iverson
-38.0,462.0,1,0,0.0,Allen Iverson
-13.0,-13.0,28,13,0.4643,Allen Iverson
-13.0,12.0,152,71,0.4671,Allen Iverson
-13.0,37.0,178,57,0.3202,Allen Iverson
-13.0,62.0,160,58,0.3625,Allen Iverson
-13.0,87.0,116,48,0.4138,Allen Iverson
-13.0,112.0,68,31,0.4559,Allen Iverson
-13.0,137.0,73,36,0.4932,Allen Iverson
-13.0,162.0,83,28,0.3373,Allen Iverson
-13.0,187.0,65,27,0.4154,Allen Iverson
-13.0,212.0,50,26,0.52,Allen Iverson
-13.0,237.0,46,13,0.2826,Allen Iverson
-13.0,262.0,67,18,0.2687,Allen Iverson
-13.0,287.0,7,4,0.5714,Allen Iverson
-13.0,312.0,1,0,0.0,Allen Iverson
-13.0,337.0,2,0,0.0,Allen Iverson
12.0,-13.0,45,31,0.6889,Allen Iverson
12.0,12.0,5445,3166,0.5815,Allen Iverson
12.0,37.0,184,69,0.375,Allen Iverson
12.0,62.0,137,48,0.3504,Allen Iverson
12.0,87.0,99,36,0.3636,Allen Iverson
12.0,112.0,81,34,0.4198,Allen Iverson
12.0,137.0,74,29,0.3919,Allen Iverson
12.0,162.0,76,34,0.4474,Allen Iverson
12.0,187.0,95,46,0.4842,Allen Iverson
12.0,212.0,55,23,0.4182,Allen Iverson
12.0,237.0,29,10,0.3448,Allen Iverson
12.0,262.0,79,28,0.3544,Allen Iverson
12.0,287.0,8,3,0.375,Allen Iverson
12.0,312.0,1,0,0.0,Allen Iverson
12.0,412.0,1,0,0.0,Allen Iverson
12.0,487.0,1,0,0.0,Allen Iverson
37.0,-38.0,2,1,0.5,Allen Iverson
37.0,-13.0,28,7,0.25,Allen Iverson
37.0,12.0,156,48,0.3077,Allen Iverson
37.0,37.0,108,32,0.2963,Allen Iverson
37.0,62.0,69,20,0.2899,Allen Iverson
37.0,87.0,57,19,0.3333,Allen Iverson
37.0,112.0,31,9,0.2903,Allen Iverson
37.0,137.0,31,7,0.2258,Allen Iverson
37.0,162.0,46,9,0.1957,Allen Iverson
37.0,187.0,28,11,0.3929,Allen Iverson
37.0,212.0,19,7,0.3684,Allen Iverson
37.0,237.0,29,9,0.3103,Allen Iverson
37.0,262.0,21,6,0.2857,Allen Iverson
37.0,287.0,3,0,0.0,Allen Iverson
62.0,-38.0,1,0,0.0,Allen Iverson
62.0,-13.0,35,10,0.2857,Allen Iverson
62.0,12.0,121,37,0.3058,Allen Iverson
62.0,37.0,108,38,0.3519,Allen Iverson
62.0,62.0,44,15,0.3409,Allen Iverson
62.0,87.0,42,16,0.381,Allen Iverson
62.0,112.0,48,21,0.4375,Allen Iverson
62.0,137.0,53,20,0.3774,Allen Iverson
62.0,162.0,49,17,0.3469,Allen Iverson
62.0,187.0,35,16,0.4571,Allen Iverson
62.0,212.0,11,2,0.1818,Allen Iverson
62.0,237.0,25,9,0.36,Allen Iverson
62.0,262.0,20,3,0.15,Allen Iverson
62.0,287.0,3,0,0.0,Allen Iverson
62.0,337.0,1,0,0.0,Allen Iverson
62.0,487.0,1,0,0.0,Allen Iverson
87.0,-38.0,3,3,1.0,Allen Iverson
87.0,-13.0,34,11,0.3235,Allen Iverson
87.0,12.0,84,29,0.3452,Allen Iverson
87.0,37.0,69,29,0.4203,Allen Iverson
87.0,62.0,37,15,0.4054,Allen Iverson
87.0,87.0,41,17,0.4146,Allen Iverson
87.0,112.0,58,26,0.4483,Allen Iverson
87.0,137.0,79,25,0.3165,Allen Iverson
87.0,162.0,73,38,0.5205,Allen Iverson
87.0,187.0,38,15,0.3947,Allen Iverson
87.0,212.0,22,7,0.3182,Allen Iverson
87.0,237.0,36,11,0.3056,Allen Iverson
87.0,262.0,14,5,0.3571,Allen Iverson
87.0,287.0,3,0,0.0,Allen Iverson
87.0,312.0,1,1,1.0,Allen Iverson
87.0,362.0,1,0,0.0,Allen Iverson
87.0,387.0,2,0,0.0,Allen Iverson
87.0,412.0,1,0,0.0,Allen Iverson
87.0,462.0,1,0,0.0,Allen Iverson
112.0,-63.0,1,1,1.0,Allen Iverson
112.0,-38.0,5,5,1.0,Allen Iverson
112.0,-13.0,44,9,0.2045,Allen Iverson
112.0,12.0,83,23,0.2771,Allen Iverson
112.0,37.0,50,22,0.44,Allen Iverson
112.0,62.0,54,17,0.3148,Allen Iverson
112.0,87.0,46,20,0.4348,Allen Iverson
112.0,112.0,74,33,0.4459,Allen Iverson
112.0,137.0,122,65,0.5328,Allen Iverson
112.0,162.0,88,35,0.3977,Allen Iverson
112.0,187.0,32,10,0.3125,Allen Iverson
112.0,212.0,36,10,0.2778,Allen Iverson
112.0,237.0,39,9,0.2308,Allen Iverson
112.0,262.0,9,2,0.2222,Allen Iverson
112.0,287.0,2,0,0.0,Allen Iverson
112.0,312.0,2,0,0.0,Allen Iverson
112.0,387.0,2,0,0.0,Allen Iverson
112.0,462.0,1,0,0.0,Allen Iverson
112.0,687.0,1,0,0.0,Allen Iverson
137.0,-38.0,13,6,0.4615,Allen Iverson
137.0,-13.0,61,29,0.4754,Allen Iverson
137.0,12.0,118,39,0.3305,Allen Iverson
137.0,37.0,82,22,0.2683,Allen Iverson
137.0,62.0,97,27,0.2784,Allen Iverson
137.0,87.0,75,26,0.3467,Allen Iverson
137.0,112.0,116,38,0.3276,Allen Iverson
137.0,137.0,93,36,0.3871,Allen Iverson
137.0,162.0,40,16,0.4,Allen Iverson
137.0,187.0,25,8,0.32,Allen Iverson
137.0,212.0,73,23,0.3151,Allen Iverson
137.0,237.0,33,10,0.303,Allen Iverson
137.0,262.0,8,2,0.25,Allen Iverson
137.0,387.0,1,0,0.0,Allen Iverson
162.0,-38.0,15,11,0.7333,Allen Iverson
162.0,-13.0,112,48,0.4286,Allen Iverson
162.0,12.0,158,53,0.3354,Allen Iverson
162.0,37.0,94,21,0.2234,Allen Iverson
162.0,62.0,83,34,0.4096,Allen Iverson
162.0,87.0,82,32,0.3902,Allen Iverson
162.0,112.0,59,24,0.4068,Allen Iverson
162.0,137.0,32,11,0.3438,Allen Iverson
162.0,162.0,23,8,0.3478,Allen Iverson
162.0,187.0,78,26,0.3333,Allen Iverson
162.0,212.0,52,9,0.1731,Allen Iverson
162.0,237.0,17,0,0.0,Allen Iverson
162.0,262.0,1,0,0.0,Allen Iverson
162.0,312.0,1,0,0.0,Allen Iverson
162.0,337.0,1,0,0.0,Allen Iverson
162.0,387.0,2,0,0.0,Allen Iverson
162.0,412.0,1,0,0.0,Allen Iverson
162.0,612.0,1,0,0.0,Allen Iverson
187.0,-38.0,14,9,0.6429,Allen Iverson
187.0,-13.0,93,39,0.4194,Allen Iverson
187.0,12.0,119,52,0.437,Allen Iverson
187.0,37.0,48,17,0.3542,Allen Iverson
187.0,62.0,40,16,0.4,Allen Iverson
187.0,87.0,35,12,0.3429,Allen Iverson
187.0,112.0,19,12,0.6316,Allen Iverson
187.0,137.0,13,4,0.3077,Allen Iverson
187.0,162.0,70,19,0.2714,Allen Iverson
187.0,187.0,67,19,0.2836,Allen Iverson
187.0,212.0,21,4,0.1905,Allen Iverson
187.0,237.0,5,0,0.0,Allen Iverson
187.0,262.0,1,0,0.0,Allen Iverson
187.0,337.0,1,0,0.0,Allen Iverson
187.0,362.0,2,1,0.5,Allen Iverson
187.0,387.0,2,0,0.0,Allen Iverson
212.0,-13.0,11,7,0.6364,Allen Iverson
212.0,12.0,26,12,0.4615,Allen Iverson
212.0,37.0,10,4,0.4,Allen Iverson
212.0,62.0,11,4,0.3636,Allen Iverson
212.0,87.0,7,5,0.7143,Allen Iverson
212.0,112.0,27,8,0.2963,Allen Iverson
212.0,137.0,37,21,0.5676,Allen Iverson
212.0,162.0,35,8,0.2286,Allen Iverson
212.0,187.0,17,3,0.1765,Allen Iverson
212.0,212.0,1,0,0.0,Allen Iverson
212.0,237.0,1,0,0.0,Allen Iverson
212.0,412.0,1,0,0.0,Allen Iverson
237.0,-38.0,1,1,1.0,Allen Iverson
237.0,-13.0,19,8,0.4211,Allen Iverson
237.0,12.0,29,8,0.2759,Allen Iverson
237.0,37.0,21,10,0.4762,Allen Iverson
237.0,62.0,14,5,0.3571,Allen Iverson
237.0,87.0,7,4,0.5714,Allen Iverson
237.0,112.0,13,3,0.2308,Allen Iverson
237.0,137.0,7,6,0.8571,Allen Iverson
237.0,412.0,1,0,0.0,Allen Iverson
-238.0,-38.0,3,2,0.6667,Dirk Nowitzki
-238.0,-13.0,36,17,0.4722,Dirk Nowitzki
-238.0,12.0,67,24,0.3582,Dirk Nowitzki
-238.0,37.0,13,4,0.3077,Dirk Nowitzki
-238.0,62.0,10,3,0.3,Dirk Nowitzki
-238.0,87.0,6,1,0.1667,Dirk Nowitzki
-238.0,112.0,8,4,0.5,Dirk Nowitzki
-238.0,137.0,2,2,1.0,Dirk Nowitzki
-213.0,-38.0,1,1,1.0,Dirk Nowitzki
-213.0,-13.0,14,6,0.4286,Dirk Nowitzki
-213.0,12.0,40,17,0.425,Dirk Nowitzki
-213.0,37.0,11,6,0.5455,Dirk Nowitzki
-213.0,62.0,7,2,0.2857,Dirk Nowitzki
-213.0,87.0,10,4,0.4,Dirk Nowitzki
-213.0,112.0,28,7,0.25,Dirk Nowitzki
-213.0,137.0,43,13,0.3023,Dirk Nowitzki
-213.0,162.0,19,4,0.2105,Dirk Nowitzki
-213.0,187.0,4,1,0.25,Dirk Nowitzki
-188.0,-38.0,3,0,0.0,Dirk Nowitzki
-188.0,-13.0,36,17,0.4722,Dirk Nowitzki
-188.0,12.0,83,34,0.4096,Dirk Nowitzki
-188.0,37.0,39,12,0.3077,Dirk Nowitzki
-188.0,62.0,28,14,0.5,Dirk Nowitzki
-188.0,87.0,27,12,0.4444,Dirk Nowitzki
-188.0,112.0,10,7,0.7,Dirk Nowitzki
-188.0,137.0,19,10,0.5263,Dirk Nowitzki
-188.0,162.0,86,37,0.4302,Dirk Nowitzki
-188.0,187.0,36,12,0.3333,Dirk Nowitzki
-188.0,212.0,7,2,0.2857,Dirk Nowitzki
-188.0,237.0,2,0,0.0,Dirk Nowitzki
-188.0,262.0,1,1,1.0,Dirk Nowitzki
-163.0,-38.0,4,2,0.5,Dirk Nowitzki
-163.0,-13.0,77,32,0.4156,Dirk Nowitzki
-163.0,12.0,246,124,0.5041,Dirk Nowitzki
-163.0,37.0,174,77,0.4425,Dirk Nowitzki
-163.0,62.0,111,52,0.4685,Dirk Nowitzki
-163.0,87.0,115,53,0.4609,Dirk Nowitzki
-163.0,112.0,67,34,0.5075,Dirk Nowitzki
-163.0,137.0,33,19,0.5758,Dirk Nowitzki
-163.0,162.0,23,11,0.4783,Dirk Nowitzki
-163.0,187.0,142,56,0.3944,Dirk Nowitzki
-163.0,212.0,49,18,0.3673,Dirk Nowitzki
-163.0,237.0,3,3,1.0,Dirk Nowitzki
-163.0,262.0,1,0,0.0,Dirk Nowitzki
-163.0,387.0,1,0,0.0,Dirk Nowitzki
-163.0,587.0,1,0,0.0,Dirk Nowitzki
-138.0,-38.0,2,0,0.0,Dirk Nowitzki
-138.0,-13.0,64,28,0.4375,Dirk Nowitzki
-138.0,12.0,203,93,0.4581,Dirk Nowitzki
-138.0,37.0,221,100,0.4525,Dirk Nowitzki
-138.0,62.0,152,67,0.4408,Dirk Nowitzki
-138.0,87.0,153,61,0.3987,Dirk Nowitzki
-138.0,112.0,145,76,0.5241,Dirk Nowitzki
-138.0,137.0,118,51,0.4322,Dirk Nowitzki
-138.0,162.0,53,19,0.3585,Dirk Nowitzki
-138.0,187.0,48,19,0.3958,Dirk Nowitzki
-138.0,212.0,160,51,0.3188,Dirk Nowitzki
-138.0,237.0,27,6,0.2222,Dirk Nowitzki
-138.0,262.0,2,0,0.0,Dirk Nowitzki
-138.0,387.0,1,0,0.0,Dirk Nowitzki
-138.0,537.0,1,0,0.0,Dirk Nowitzki
-138.0,562.0,1,0,0.0,Dirk Nowitzki
-113.0,-38.0,1,0,0.0,Dirk Nowitzki
-113.0,-13.0,19,5,0.2632,Dirk Nowitzki
-113.0,12.0,158,75,0.4747,Dirk Nowitzki
-113.0,37.0,140,74,0.5286,Dirk Nowitzki
-113.0,62.0,133,54,0.406,Dirk Nowitzki
-113.0,87.0,107,58,0.5421,Dirk Nowitzki
-113.0,112.0,119,57,0.479,Dirk Nowitzki
-113.0,137.0,152,70,0.4605,Dirk Nowitzki
-113.0,162.0,142,64,0.4507,Dirk Nowitzki
-113.0,187.0,35,11,0.3143,Dirk Nowitzki
-113.0,212.0,161,62,0.3851,Dirk Nowitzki
-113.0,237.0,104,39,0.375,Dirk Nowitzki
-113.0,262.0,7,2,0.2857,Dirk Nowitzki
-113.0,287.0,3,1,0.3333,Dirk Nowitzki
-113.0,312.0,1,0,0.0,Dirk Nowitzki
-113.0,337.0,1,0,0.0,Dirk Nowitzki
-113.0,537.0,1,0,0.0,Dirk Nowitzki
-88.0,-38.0,1,0,0.0,Dirk Nowitzki
-88.0,-13.0,11,7,0.6364,Dirk Nowitzki
-88.0,12.0,85,43,0.5059,Dirk Nowitzki
-88.0,37.0,100,42,0.42,Dirk Nowitzki
-88.0,62.0,65,27,0.4154,Dirk Nowitzki
-88.0,87.0,72,37,0.5139,Dirk Nowitzki
-88.0,112.0,68,28,0.4118,Dirk Nowitzki
-88.0,137.0,170,81,0.4765,Dirk Nowitzki
-88.0,162.0,149,73,0.4899,Dirk Nowitzki
-88.0,187.0,56,30,0.5357,Dirk Nowitzki
-88.0,212.0,37,12,0.3243,Dirk Nowitzki
-88.0,237.0,186,65,0.3495,Dirk Nowitzki
-88.0,262.0,25,10,0.4,Dirk Nowitzki
-88.0,287.0,4,2,0.5,Dirk Nowitzki
-88.0,562.0,1,0,0.0,Dirk Nowitzki
-63.0,-38.0,1,1,1.0,Dirk Nowitzki
-63.0,-13.0,5,0,0.0,Dirk Nowitzki
-63.0,12.0,53,18,0.3396,Dirk Nowitzki
-63.0,37.0,82,39,0.4756,Dirk Nowitzki
-63.0,62.0,63,28,0.4444,Dirk Nowitzki
-63.0,87.0,57,25,0.4386,Dirk Nowitzki
-63.0,112.0,110,48,0.4364,Dirk Nowitzki
-63.0,137.0,114,58,0.5088,Dirk Nowitzki
-63.0,162.0,118,51,0.4322,Dirk Nowitzki
-63.0,187.0,99,39,0.3939,Dirk Nowitzki
-63.0,212.0,24,8,0.3333,Dirk Nowitzki
-63.0,237.0,180,78,0.4333,Dirk Nowitzki
-63.0,262.0,39,10,0.2564,Dirk Nowitzki
-63.0,287.0,2,0,0.0,Dirk Nowitzki
-63.0,312.0,1,0,0.0,Dirk Nowitzki
-38.0,-13.0,3,1,0.3333,Dirk Nowitzki
-38.0,12.0,87,35,0.4023,Dirk Nowitzki
-38.0,37.0,77,28,0.3636,Dirk Nowitzki
-38.0,62.0,52,14,0.2692,Dirk Nowitzki
-38.0,87.0,43,19,0.4419,Dirk Nowitzki
-38.0,112.0,55,35,0.6364,Dirk Nowitzki
-38.0,137.0,98,56,0.5714,Dirk Nowitzki
-38.0,162.0,89,36,0.4045,Dirk Nowitzki
-38.0,187.0,113,55,0.4867,Dirk Nowitzki
-38.0,212.0,41,12,0.2927,Dirk Nowitzki
-38.0,237.0,112,46,0.4107,Dirk Nowitzki
-38.0,262.0,72,23,0.3194,Dirk Nowitzki
-38.0,287.0,7,4,0.5714,Dirk Nowitzki
-38.0,312.0,1,1,1.0,Dirk Nowitzki
-38.0,362.0,1,0,0.0,Dirk Nowitzki
-38.0,587.0,1,0,0.0,Dirk Nowitzki
-13.0,-13.0,28,26,0.9286,Dirk Nowitzki
-13.0,12.0,309,207,0.6699,Dirk Nowitzki
-13.0,37.0,95,47,0.4947,Dirk Nowitzki
-13.0,62.0,86,33,0.3837,Dirk Nowitzki
-13.0,87.0,59,26,0.4407,Dirk Nowitzki
-13.0,112.0,98,44,0.449,Dirk Nowitzki
-13.0,137.0,117,60,0.5128,Dirk Nowitzki
-13.0,162.0,144,69,0.4792,Dirk Nowitzki
-13.0,187.0,139,57,0.4101,Dirk Nowitzki
-13.0,212.0,50,26,0.52,Dirk Nowitzki
-13.0,237.0,127,60,0.4724,Dirk Nowitzki
-13.0,262.0,146,50,0.3425,Dirk Nowitzki
-13.0,287.0,10,2,0.2,Dirk Nowitzki
-13.0,537.0,1,0,0.0,Dirk Nowitzki
-13.0,787.0,1,0,0.0,Dirk Nowitzki
12.0,-13.0,50,36,0.72,Dirk Nowitzki
12.0,12.0,2646,1711,0.6466,Dirk Nowitzki
12.0,37.0,113,43,0.3805,Dirk Nowitzki
12.0,62.0,152,59,0.3882,Dirk Nowitzki
12.0,87.0,99,38,0.3838,Dirk Nowitzki
12.0,112.0,71,29,0.4085,Dirk Nowitzki
12.0,137.0,189,91,0.4815,Dirk Nowitzki
12.0,162.0,160,76,0.475,Dirk Nowitzki
12.0,187.0,214,116,0.5421,Dirk Nowitzki
12.0,212.0,68,34,0.5,Dirk Nowitzki
12.0,237.0,184,72,0.3913,Dirk Nowitzki
12.0,262.0,167,62,0.3713,Dirk Nowitzki
12.0,287.0,8,2,0.25,Dirk Nowitzki
12.0,312.0,3,0,0.0,Dirk Nowitzki
12.0,337.0,1,0,0.0,Dirk Nowitzki
12.0,362.0,2,0,0.0,Dirk Nowitzki
12.0,537.0,1,0,0.0,Dirk Nowitzki
12.0,712.0,1,0,0.0,Dirk Nowitzki
12.0,737.0,1,0,0.0,Dirk Nowitzki
37.0,-13.0,9,2,0.2222,Dirk Nowitzki
37.0,12.0,98,51,0.5204,Dirk Nowitzki
37.0,37.0,67,23,0.3433,Dirk Nowitzki
37.0,62.0,56,22,0.3929,Dirk Nowitzki
37.0,87.0,47,21,0.4468,Dirk Nowitzki
37.0,112.0,61,28,0.459,Dirk Nowitzki
37.0,137.0,94,46,0.4894,Dirk Nowitzki
37.0,162.0,107,48,0.4486,Dirk Nowitzki
37.0,187.0,152,65,0.4276,Dirk Nowitzki
37.0,212.0,32,15,0.4688,Dirk Nowitzki
37.0,237.0,138,56,0.4058,Dirk Nowitzki
37.0,262.0,82,33,0.4024,Dirk Nowitzki
37.0,287.0,2,0,0.0,Dirk Nowitzki
37.0,312.0,1,0,0.0,Dirk Nowitzki
37.0,387.0,1,0,0.0,Dirk Nowitzki
37.0,437.0,1,0,0.0,Dirk Nowitzki
37.0,787.0,1,0,0.0,Dirk Nowitzki
62.0,-13.0,5,2,0.4,Dirk Nowitzki
62.0,12.0,57,13,0.2281,Dirk Nowitzki
62.0,37.0,73,36,0.4932,Dirk Nowitzki
62.0,62.0,83,35,0.4217,Dirk Nowitzki
62.0,87.0,81,40,0.4938,Dirk Nowitzki
62.0,112.0,109,54,0.4954,Dirk Nowitzki
62.0,137.0,111,63,0.5676,Dirk Nowitzki
62.0,162.0,138,60,0.4348,Dirk Nowitzki
62.0,187.0,135,68,0.5037,Dirk Nowitzki
62.0,212.0,32,16,0.5,Dirk Nowitzki
62.0,237.0,160,73,0.4562,Dirk Nowitzki
62.0,262.0,27,10,0.3704,Dirk Nowitzki
62.0,287.0,1,1,1.0,Dirk Nowitzki
62.0,387.0,1,0,0.0,Dirk Nowitzki
62.0,837.0,1,0,0.0,Dirk Nowitzki
87.0,-13.0,8,3,0.375,Dirk Nowitzki
87.0,12.0,75,33,0.44,Dirk Nowitzki
87.0,37.0,93,30,0.3226,Dirk Nowitzki
87.0,62.0,134,67,0.5,Dirk Nowitzki
87.0,87.0,102,48,0.4706,Dirk Nowitzki
87.0,112.0,81,30,0.3704,Dirk Nowitzki
87.0,137.0,197,92,0.467,Dirk Nowitzki
87.0,162.0,199,88,0.4422,Dirk Nowitzki
87.0,187.0,84,39,0.4643,Dirk Nowitzki
87.0,212.0,31,14,0.4516,Dirk Nowitzki
87.0,237.0,214,74,0.3458,Dirk Nowitzki
87.0,262.0,21,9,0.4286,Dirk Nowitzki
87.0,287.0,1,1,1.0,Dirk Nowitzki
87.0,387.0,1,0,0.0,Dirk Nowitzki
87.0,537.0,1,0,0.0,Dirk Nowitzki
112.0,-13.0,19,9,0.4737,Dirk Nowitzki
112.0,12.0,121,64,0.5289,Dirk Nowitzki
112.0,37.0,145,69,0.4759,Dirk Nowitzki
112.0,62.0,141,63,0.4468,Dirk Nowitzki
112.0,87.0,152,78,0.5132,Dirk Nowitzki
112.0,112.0,151,74,0.4901,Dirk Nowitzki
112.0,137.0,216,110,0.5093,Dirk Nowitzki
112.0,162.0,157,74,0.4713,Dirk Nowitzki
112.0,187.0,60,25,0.4167,Dirk Nowitzki
112.0,212.0,170,62,0.3647,Dirk Nowitzki
112.0,237.0,121,46,0.3802,Dirk Nowitzki
112.0,262.0,7,2,0.2857,Dirk Nowitzki
137.0,-38.0,2,2,1.0,Dirk Nowitzki
137.0,-13.0,43,16,0.3721,Dirk Nowitzki
137.0,12.0,288,133,0.4618,Dirk Nowitzki
137.0,37.0,248,125,0.504,Dirk Nowitzki
137.0,62.0,217,96,0.4424,Dirk Nowitzki
137.0,87.0,204,89,0.4363,Dirk Nowitzki
137.0,112.0,225,115,0.5111,Dirk Nowitzki
137.0,137.0,206,100,0.4854,Dirk Nowitzki
137.0,162.0,91,36,0.3956,Dirk Nowitzki
137.0,187.0,66,24,0.3636,Dirk Nowitzki
137.0,212.0,259,95,0.3668,Dirk Nowitzki
137.0,237.0,29,6,0.2069,Dirk Nowitzki
137.0,262.0,1,0,0.0,Dirk Nowitzki
137.0,612.0,1,0,0.0,Dirk Nowitzki
162.0,-38.0,5,4,0.8,Dirk Nowitzki
162.0,-13.0,69,39,0.5652,Dirk Nowitzki
162.0,12.0,293,129,0.4403,Dirk Nowitzki
162.0,37.0,264,139,0.5265,Dirk Nowitzki
162.0,62.0,230,118,0.513,Dirk Nowitzki
162.0,87.0,168,75,0.4464,Dirk Nowitzki
162.0,112.0,130,65,0.5,Dirk Nowitzki
162.0,137.0,69,36,0.5217,Dirk Nowitzki
162.0,162.0,26,13,0.5,Dirk Nowitzki
162.0,187.0,209,91,0.4354,Dirk Nowitzki
162.0,212.0,69,26,0.3768,Dirk Nowitzki
162.0,237.0,10,4,0.4,Dirk Nowitzki
162.0,362.0,1,0,0.0,Dirk Nowitzki
162.0,512.0,1,0,0.0,Dirk Nowitzki
187.0,-38.0,4,3,0.75,Dirk Nowitzki
187.0,-13.0,34,15,0.4412,Dirk Nowitzki
187.0,12.0,120,57,0.475,Dirk Nowitzki
187.0,37.0,94,43,0.4574,Dirk Nowitzki
187.0,62.0,61,32,0.5246,Dirk Nowitzki
187.0,87.0,43,21,0.4884,Dirk Nowitzki
187.0,112.0,23,9,0.3913,Dirk Nowitzki
187.0,137.0,28,8,0.2857,Dirk Nowitzki
187.0,162.0,157,68,0.4331,Dirk Nowitzki
187.0,187.0,90,36,0.4,Dirk Nowitzki
187.0,212.0,5,3,0.6,Dirk Nowitzki
187.0,237.0,3,0,0.0,Dirk Nowitzki
187.0,287.0,1,1,1.0,Dirk Nowitzki
187.0,362.0,1,0,0.0,Dirk Nowitzki
187.0,387.0,2,0,0.0,Dirk Nowitzki
187.0,412.0,1,0,0.0,Dirk Nowitzki
212.0,-38.0,2,1,0.5,Dirk Nowitzki
212.0,-13.0,15,7,0.4667,Dirk Nowitzki
212.0,12.0,36,21,0.5833,Dirk Nowitzki
212.0,37.0,22,6,0.2727,Dirk Nowitzki
212.0,62.0,15,10,0.6667,Dirk Nowitzki
212.0,87.0,11,5,0.4545,Dirk Nowitzki
212.0,112.0,63,21,0.3333,Dirk Nowitzki
212.0,137.0,72,30,0.4167,Dirk Nowitzki
212.0,162.0,25,10,0.4,Dirk Nowitzki
212.0,187.0,5,4,0.8,Dirk Nowitzki
212.0,262.0,1,0,0.0,Dirk Nowitzki
212.0,287.0,1,0,0.0,Dirk Nowitzki
212.0,337.0,1,0,0.0,Dirk Nowitzki
212.0,362.0,1,1,1.0,Dirk Nowitzki
237.0,-38.0,11,7,0.6364,Dirk Nowitzki
237.0,-13.0,74,26,0.3514,Dirk Nowitzki
237.0,12.0,164,67,0.4085,Dirk Nowitzki
237.0,37.0,62,20,0.3226,Dirk Nowitzki
237.0,62.0,31,9,0.2903,Dirk Nowitzki
237.0,87.0,27,11,0.4074,Dirk Nowitzki
237.0,112.0,23,4,0.1739,Dirk Nowitzki
237.0,137.0,1,0,0.0,Dirk Nowitzki
-238.0,-13.0,1,0,0.0,James Harden
-238.0,12.0,3,1,0.3333,James Harden
-238.0,37.0,2,0,0.0,James Harden
-238.0,112.0,2,0,0.0,James Harden
-238.0,137.0,1,0,0.0,James Harden
-213.0,112.0,1,0,0.0,James Harden
-213.0,137.0,1,0,0.0,James Harden
-213.0,162.0,1,1,1.0,James Harden
-188.0,162.0,3,0,0.0,James Harden
-188.0,187.0,10,8,0.8,James Harden
-163.0,187.0,5,3,0.6,James Harden
-163.0,212.0,5,2,0.4,James Harden
-163.0,237.0,4,0,0.0,James Harden
-163.0,262.0,1,1,1.0,James Harden
-138.0,37.0,1,1,1.0,James Harden
-138.0,62.0,1,0,0.0,James Harden
-138.0,87.0,2,1,0.5,James Harden
-138.0,187.0,2,0,0.0,James Harden
-138.0,212.0,9,3,0.3333,James Harden
-138.0,237.0,12,6,0.5,James Harden
-138.0,287.0,2,0,0.0,James Harden
-138.0,312.0,1,1,1.0,James Harden
-113.0,62.0,2,2,1.0,James Harden
-113.0,87.0,1,0,0.0,James Harden
-113.0,137.0,1,1,1.0,James Harden
-113.0,212.0,2,0,0.0,James Harden
-113.0,237.0,16,5,0.3125,James Harden
-113.0,262.0,6,3,0.5,James Harden
-113.0,287.0,1,1,1.0,James Harden
-88.0,-13.0,1,0,0.0,James Harden
-88.0,37.0,1,0,0.0,James Harden
-88.0,87.0,2,0,0.0,James Harden
-88.0,112.0,1,0,0.0,James Harden
-88.0,137.0,2,1,0.5,James Harden
-88.0,162.0,1,0,0.0,James Harden
-88.0,237.0,17,7,0.4118,James Harden
-88.0,262.0,3,0,0.0,James Harden
-88.0,287.0,4,2,0.5,James Harden
-63.0,-13.0,1,0,0.0,James Harden
-63.0,12.0,3,0,0.0,James Harden
-63.0,37.0,3,1,0.3333,James Harden
-63.0,62.0,4,2,0.5,James Harden
-63.0,87.0,2,2,1.0,James Harden
-63.0,112.0,3,2,0.6667,James Harden
-63.0,137.0,1,1,1.0,James Harden
-63.0,162.0,3,2,0.6667,James Harden
-63.0,212.0,1,0,0.0,James Harden
-63.0,237.0,10,3,0.3,James Harden
-63.0,262.0,11,3,0.2727,James Harden
-63.0,287.0,3,1,0.3333,James Harden
-63.0,312.0,1,0,0.0,James Harden
-38.0,-13.0,1,1,1.0,James Harden
-38.0,12.0,30,16,0.5333,James Harden
-38.0,37.0,21,10,0.4762,James Harden
-38.0,62.0,7,2,0.2857,James Harden
-38.0,87.0,4,2,0.5,James Harden
-38.0,112.0,7,4,0.5714,James Harden
-38.0,137.0,1,0,0.0,James Harden
-38.0,162.0,3,1,0.3333,James Harden
-38.0,237.0,2,0,0.0,James Harden
-38.0,262.0,10,7,0.7,James Harden
-38.0,287.0,2,1,0.5,James Harden
-38.0,337.0,1,0,0.0,James Harden
-13.0,-13.0,8,5,0.625,James Harden
-13.0,12.0,72,47,0.6528,James Harden
-13.0,37.0,35,24,0.6857,James Harden
-13.0,62.0,19,6,0.3158,James Harden
-13.0,87.0,5,0,0.0,James Harden
-13.0,112.0,6,3,0.5,James Harden
-13.0,137.0,3,1,0.3333,James Harden
-13.0,162.0,2,1,0.5,James Harden
-13.0,237.0,1,0,0.0,James Harden
-13.0,262.0,14,4,0.2857,James Harden
-13.0,287.0,2,2,1.0,James Harden
-13.0,312.0,2,1,0.5,James Harden
-13.0,337.0,1,0,0.0,James Harden
12.0,-63.0,1,0,0.0,James Harden
12.0,-13.0,3,2,0.6667,James Harden
12.0,12.0,22,16,0.7273,James Harden
12.0,37.0,24,11,0.4583,James Harden
12.0,62.0,13,5,0.3846,James Harden
12.0,87.0,7,4,0.5714,James Harden
12.0,112.0,3,0,0.0,James Harden
12.0,137.0,5,2,0.4,James Harden
12.0,162.0,5,2,0.4,James Harden
12.0,237.0,3,2,0.6667,James Harden
12.0,262.0,17,7,0.4118,James Harden
12.0,287.0,3,2,0.6667,James Harden
12.0,312.0,2,0,0.0,James Harden
12.0,362.0,1,0,0.0,James Harden
37.0,12.0,4,2,0.5,James Harden
37.0,37.0,5,0,0.0,James Harden
37.0,62.0,8,4,0.5,James Harden
37.0,87.0,2,1,0.5,James Harden
37.0,112.0,1,1,1.0,James Harden
37.0,137.0,2,0,0.0,James Harden
37.0,162.0,3,2,0.6667,James Harden
37.0,187.0,1,0,0.0,James Harden
37.0,237.0,2,1,0.5,James Harden
37.0,262.0,9,4,0.4444,James Harden
37.0,287.0,3,2,0.6667,James Harden
37.0,312.0,1,0,0.0,James Harden
62.0,37.0,2,1,0.5,James Harden
62.0,62.0,4,1,0.25,James Harden
62.0,87.0,1,1,1.0,James Harden
62.0,112.0,4,1,0.25,James Harden
62.0,162.0,1,0,0.0,James Harden
62.0,237.0,4,0,0.0,James Harden
62.0,262.0,10,2,0.2,James Harden
62.0,287.0,2,0,0.0,James Harden
87.0,12.0,1,0,0.0,James Harden
87.0,37.0,1,1,1.0,James Harden
87.0,62.0,2,1,0.5,James Harden
87.0,112.0,2,0,0.0,James Harden
87.0,137.0,1,0,0.0,James Harden
87.0,162.0,2,1,0.5,James Harden
87.0,187.0,3,0,0.0,James Harden
87.0,237.0,16,6,0.375,James Harden
87.0,262.0,12,5,0.4167,James Harden
87.0,287.0,6,3,0.5,James Harden
87.0,312.0,1,0,0.0,James Harden
112.0,-13.0,1,0,0.0,James Harden
112.0,37.0,1,1,1.0,James Harden
112.0,87.0,3,2,0.6667,James Harden
112.0,112.0,5,2,0.4,James Harden
112.0,162.0,1,0,0.0,James Harden
112.0,187.0,2,0,0.0,James Harden
112.0,212.0,3,1,0.3333,James Harden
112.0,237.0,19,5,0.2632,James Harden
112.0,262.0,4,0,0.0,James Harden
112.0,287.0,2,0,0.0,James Harden
137.0,-13.0,1,1,1.0,James Harden
137.0,12.0,1,0,0.0,James Harden
137.0,37.0,2,2,1.0,James Harden
137.0,62.0,1,0,0.0,James Harden
137.0,87.0,1,0,0.0,James Harden
137.0,137.0,1,0,0.0,James Harden
137.0,212.0,9,2,0.2222,James Harden
137.0,237.0,19,7,0.3684,James Harden
162.0,37.0,1,0,0.0,James Harden
162.0,112.0,1,1,1.0,James Harden
162.0,187.0,10,3,0.3,James Harden
162.0,212.0,19,10,0.5263,James Harden
162.0,237.0,6,0,0.0,James Harden
187.0,37.0,1,0,0.0,James Harden
187.0,162.0,8,2,0.25,James Harden
187.0,187.0,15,8,0.5333,James Harden
187.0,237.0,1,0,0.0,James Harden
187.0,262.0,1,0,0.0,James Harden
212.0,12.0,1,0,0.0,James Harden
212.0,37.0,1,0,0.0,James Harden
212.0,62.0,1,0,0.0,James Harden
212.0,112.0,3,1,0.3333,James Harden
212.0,137.0,8,3,0.375,James Harden
212.0,162.0,7,4,0.5714,James Harden
212.0,187.0,1,1,1.0,James Harden
212.0,212.0,1,1,1.0,James Harden
237.0,12.0,4,1,0.25,James Harden
237.0,37.0,7,0,0.0,James Harden
237.0,62.0,3,2,0.6667,James Harden
237.0,112.0,2,0,0.0,James Harden
237.0,137.0,1,0,0.0,James Harden
-238.0,-38.0,1,1,1.0,Kevin Durant
-238.0,-13.0,3,1,0.3333,Kevin Durant
-238.0,12.0,2,0,0.0,Kevin Durant
-238.0,37.0,1,1,1.0,Kevin Durant
-238.0,62.0,2,1,0.5,Kevin Durant
-238.0,112.0,3,2,0.6667,Kevin Durant
-213.0,12.0,1,0,0.0,Kevin Durant
-213.0,112.0,2,2,1.0,Kevin Durant
-213.0,137.0,3,3,1.0,Kevin Durant
-213.0,162.0,3,1,0.3333,Kevin Durant
-188.0,87.0,1,1,1.0,Kevin Durant
-188.0,162.0,6,3,0.5,Kevin Durant
-188.0,187.0,7,2,0.2857,Kevin Durant
-188.0,212.0,3,1,0.3333,Kevin Durant
-163.0,12.0,1,0,0.0,Kevin Durant
-163.0,37.0,2,2,1.0,Kevin Durant
-163.0,62.0,2,1,0.5,Kevin Durant
-163.0,112.0,1,0,0.0,Kevin Durant
-163.0,162.0,1,1,1.0,Kevin Durant
-163.0,187.0,12,5,0.4167,Kevin Durant
-163.0,212.0,6,2,0.3333,Kevin Durant
-163.0,237.0,3,2,0.6667,Kevin Durant
-138.0,-13.0,3,1,0.3333,Kevin Durant
-138.0,12.0,4,3,0.75,Kevin Durant
-138.0,37.0,1,0,0.0,Kevin Durant
-138.0,87.0,3,1,0.3333,Kevin Durant
-138.0,112.0,6,5,0.8333,Kevin Durant
-138.0,137.0,5,2,0.4,Kevin Durant
-138.0,212.0,7,3,0.4286,Kevin Durant
-138.0,237.0,4,1,0.25,Kevin Durant
-138.0,262.0,1,0,0.0,Kevin Durant
-113.0,12.0,4,1,0.25,Kevin Durant
-113.0,37.0,5,2,0.4,Kevin Durant
-113.0,62.0,5,1,0.2,Kevin Durant
-113.0,87.0,7,3,0.4286,Kevin Durant
-113.0,112.0,6,4,0.6667,Kevin Durant
-113.0,137.0,3,2,0.6667,Kevin Durant
-113.0,162.0,3,2,0.6667,Kevin Durant
-113.0,187.0,1,0,0.0,Kevin Durant
-113.0,212.0,3,1,0.3333,Kevin Durant
-113.0,237.0,10,2,0.2,Kevin Durant
-113.0,262.0,1,0,0.0,Kevin Durant
-88.0,-13.0,2,1,0.5,Kevin Durant
-88.0,12.0,5,3,0.6,Kevin Durant
-88.0,37.0,3,2,0.6667,Kevin Durant
-88.0,62.0,1,0,0.0,Kevin Durant
-88.0,87.0,4,2,0.5,Kevin Durant
-88.0,112.0,6,3,0.5,Kevin Durant
-88.0,137.0,10,5,0.5,Kevin Durant
-88.0,162.0,5,4,0.8,Kevin Durant
-88.0,187.0,3,1,0.3333,Kevin Durant
-88.0,237.0,6,1,0.1667,Kevin Durant
-88.0,262.0,4,1,0.25,Kevin Durant
-63.0,-13.0,2,1,0.5,Kevin Durant
-63.0,12.0,3,2,0.6667,Kevin Durant
-63.0,37.0,13,5,0.3846,Kevin Durant
-63.0,62.0,9,6,0.6667,Kevin Durant
-63.0,87.0,6,2,0.3333,Kevin Durant
-63.0,112.0,21,12,0.5714,Kevin Durant
-63.0,137.0,11,5,0.4545,Kevin Durant
-63.0,162.0,5,4,0.8,Kevin Durant
-63.0,237.0,3,2,0.6667,Kevin Durant
-63.0,262.0,7,3,0.4286,Kevin Durant
-38.0,-13.0,1,1,1.0,Kevin Durant
-38.0,12.0,1,0,0.0,Kevin Durant
-38.0,37.0,2,1,0.5,Kevin Durant
-38.0,62.0,4,2,0.5,Kevin Durant
-38.0,87.0,9,6,0.6667,Kevin Durant
-38.0,112.0,13,7,0.5385,Kevin Durant
-38.0,137.0,6,3,0.5,Kevin Durant
-38.0,162.0,13,8,0.6154,Kevin Durant
-38.0,187.0,4,2,0.5,Kevin Durant
-38.0,237.0,1,1,1.0,Kevin Durant
-38.0,262.0,9,4,0.4444,Kevin Durant
-13.0,12.0,12,10,0.8333,Kevin Durant
-13.0,37.0,9,6,0.6667,Kevin Durant
-13.0,62.0,10,6,0.6,Kevin Durant
-13.0,87.0,2,1,0.5,Kevin Durant
-13.0,112.0,13,5,0.3846,Kevin Durant
-13.0,137.0,10,7,0.7,Kevin Durant
-13.0,162.0,8,4,0.5,Kevin Durant
-13.0,187.0,2,1,0.5,Kevin Durant
-13.0,212.0,1,1,1.0,Kevin Durant
-13.0,237.0,1,1,1.0,Kevin Durant
-13.0,262.0,13,6,0.4615,Kevin Durant
-13.0,287.0,2,0,0.0,Kevin Durant
12.0,-13.0,2,2,1.0,Kevin Durant
12.0,12.0,30,24,0.8,Kevin Durant
12.0,37.0,17,12,0.7059,Kevin Durant
12.0,62.0,4,3,0.75,Kevin Durant
12.0,87.0,2,1,0.5,Kevin Durant
12.0,112.0,14,10,0.7143,Kevin Durant
12.0,137.0,10,6,0.6,Kevin Durant
12.0,162.0,6,2,0.3333,Kevin Durant
12.0,187.0,4,1,0.25,Kevin Durant
12.0,237.0,4,4,1.0,Kevin Durant
12.0,262.0,18,8,0.4444,Kevin Durant
12.0,287.0,1,0,0.0,Kevin Durant
37.0,12.0,16,8,0.5,Kevin Durant
37.0,37.0,13,9,0.6923,Kevin Durant
37.0,62.0,5,2,0.4,Kevin Durant
37.0,87.0,4,3,0.75,Kevin Durant
37.0,112.0,15,12,0.8,Kevin Durant
37.0,137.0,12,7,0.5833,Kevin Durant
37.0,162.0,4,2,0.5,Kevin Durant
37.0,187.0,1,1,1.0,Kevin Durant
37.0,237.0,2,1,0.5,Kevin Durant
37.0,262.0,15,7,0.4667,Kevin Durant
37.0,287.0,2,0,0.0,Kevin Durant
62.0,12.0,4,2,0.5,Kevin Durant
62.0,37.0,5,3,0.6,Kevin Durant
62.0,62.0,3,3,1.0,Kevin Durant
62.0,87.0,4,2,0.5,Kevin Durant
62.0,112.0,21,8,0.381,Kevin Durant
62.0,137.0,15,3,0.2,Kevin Durant
62.0,162.0,3,2,0.6667,Kevin Durant
62.0,187.0,2,2,1.0,Kevin Durant
62.0,237.0,6,4,0.6667,Kevin Durant
62.0,262.0,9,1,0.1111,Kevin Durant
87.0,-13.0,2,0,0.0,Kevin Durant
87.0,12.0,7,5,0.7143,Kevin Durant
87.0,37.0,3,2,0.6667,Kevin Durant
87.0,62.0,5,4,0.8,Kevin Durant
87.0,87.0,6,1,0.1667,Kevin Durant
87.0,112.0,8,5,0.625,Kevin Durant
87.0,137.0,16,9,0.5625,Kevin Durant
87.0,162.0,11,3,0.2727,Kevin Durant
87.0,187.0,3,2,0.6667,Kevin Durant
87.0,237.0,8,3,0.375,Kevin Durant
87.0,262.0,6,1,0.1667,Kevin Durant
112.0,-13.0,1,1,1.0,Kevin Durant
112.0,12.0,5,1,0.2,Kevin Durant
112.0,37.0,5,3,0.6,Kevin Durant
112.0,62.0,8,3,0.375,Kevin Durant
112.0,87.0,7,3,0.4286,Kevin Durant
112.0,112.0,6,4,0.6667,Kevin Durant
112.0,137.0,3,2,0.6667,Kevin Durant
112.0,162.0,7,4,0.5714,Kevin Durant
112.0,187.0,1,0,0.0,Kevin Durant
112.0,212.0,1,0,0.0,Kevin Durant
112.0,237.0,12,4,0.3333,Kevin Durant
112.0,262.0,4,0,0.0,Kevin Durant
137.0,-13.0,1,1,1.0,Kevin Durant
137.0,12.0,2,1,0.5,Kevin Durant
137.0,37.0,1,0,0.0,Kevin Durant
137.0,62.0,5,2,0.4,Kevin Durant
137.0,87.0,3,1,0.3333,Kevin Durant
137.0,112.0,3,2,0.6667,Kevin Durant
137.0,137.0,5,1,0.2,Kevin Durant
137.0,162.0,2,0,0.0,Kevin Durant
137.0,187.0,1,0,0.0,Kevin Durant
137.0,212.0,11,2,0.1818,Kevin Durant
137.0,237.0,10,4,0.4,Kevin Durant
137.0,262.0,2,1,0.5,Kevin Durant
162.0,12.0,1,1,1.0,Kevin Durant
162.0,62.0,2,2,1.0,Kevin Durant
162.0,87.0,3,3,1.0,Kevin Durant
162.0,112.0,1,0,0.0,Kevin Durant
162.0,187.0,11,5,0.4545,Kevin Durant
162.0,212.0,9,5,0.5556,Kevin Durant
162.0,237.0,4,1,0.25,Kevin Durant
187.0,87.0,1,0,0.0,Kevin Durant
187.0,162.0,3,2,0.6667,Kevin Durant
187.0,187.0,8,2,0.25,Kevin Durant
187.0,212.0,2,1,0.5,Kevin Durant
187.0,237.0,1,0,0.0,Kevin Durant
187.0,362.0,1,0,0.0,Kevin Durant
212.0,12.0,2,1,0.5,Kevin Durant
212.0,37.0,1,1,1.0,Kevin Durant
212.0,87.0,1,1,1.0,Kevin Durant
212.0,162.0,2,0,0.0,Kevin Durant
237.0,-13.0,3,1,0.3333,Kevin Durant
237.0,12.0,6,3,0.5,Kevin Durant
237.0,37.0,5,4,0.8,Kevin Durant
237.0,62.0,3,2,0.6667,Kevin Durant
237.0,87.0,2,1,0.5,Kevin Durant
237.0,112.0,3,2,0.6667,Kevin Durant
237.0,137.0,1,1,1.0,Kevin Durant
-238.0,-38.0,3,2,0.6667,Kobe Bryant
-238.0,-13.0,55,20,0.3636,Kobe Bryant
-238.0,12.0,70,27,0.3857,Kobe Bryant
-238.0,37.0,38,10,0.2632,Kobe Bryant
-238.0,62.0,32,14,0.4375,Kobe Bryant
-238.0,87.0,19,4,0.2105,Kobe Bryant
-238.0,112.0,16,4,0.25,Kobe Bryant
-238.0,137.0,8,2,0.25,Kobe Bryant
-238.0,162.0,2,0,0.0,Kobe Bryant
-238.0,212.0,1,0,0.0,Kobe Bryant
-213.0,-38.0,3,1,0.3333,Kobe Bryant
-213.0,-13.0,34,12,0.3529,Kobe Bryant
-213.0,12.0,31,12,0.3871,Kobe Bryant
-213.0,37.0,25,8,0.32,Kobe Bryant
-213.0,62.0,20,9,0.45,Kobe Bryant
-213.0,87.0,22,11,0.5,Kobe Bryant
-213.0,112.0,56,22,0.3929,Kobe Bryant
-213.0,137.0,98,29,0.2959,Kobe Bryant
-213.0,162.0,58,13,0.2241,Kobe Bryant
-213.0,187.0,22,5,0.2273,Kobe Bryant
-213.0,212.0,4,1,0.25,Kobe Bryant
-213.0,237.0,2,0,0.0,Kobe Bryant
-213.0,337.0,1,0,0.0,Kobe Bryant
-213.0,362.0,1,0,0.0,Kobe Bryant
-213.0,387.0,1,0,0.0,Kobe Bryant
-213.0,437.0,1,0,0.0,Kobe Bryant
-213.0,662.0,1,0,0.0,Kobe Bryant
-188.0,-38.0,8,5,0.625,Kobe Bryant
-188.0,-13.0,64,22,0.3438,Kobe Bryant
-188.0,12.0,102,40,0.3922,Kobe Bryant
-188.0,37.0,55,20,0.3636,Kobe Bryant
-188.0,62.0,42,16,0.381,Kobe Bryant
-188.0,87.0,55,22,0.4,Kobe Bryant
-188.0,112.0,44,13,0.2955,Kobe Bryant
-188.0,137.0,52,21,0.4038,Kobe Bryant
-188.0,162.0,165,56,0.3394,Kobe Bryant
-188.0,187.0,152,46,0.3026,Kobe Bryant
-188.0,212.0,41,10,0.2439,Kobe Bryant
-188.0,237.0,12,2,0.1667,Kobe Bryant
-188.0,262.0,2,0,0.0,Kobe Bryant
-188.0,312.0,4,0,0.0,Kobe Bryant
-188.0,337.0,1,0,0.0,Kobe Bryant
-188.0,412.0,1,0,0.0,Kobe Bryant
-188.0,587.0,1,0,0.0,Kobe Bryant
-188.0,612.0,1,0,0.0,Kobe Bryant
-188.0,662.0,1,0,0.0,Kobe Bryant
-163.0,-38.0,8,2,0.25,Kobe Bryant
-163.0,-13.0,82,30,0.3659,Kobe Bryant
-163.0,12.0,157,65,0.414,Kobe Bryant
-163.0,37.0,97,37,0.3814,Kobe Bryant
-163.0,62.0,79,28,0.3544,Kobe Bryant
-163.0,87.0,94,35,0.3723,Kobe Bryant
-163.0,112.0,103,49,0.4757,Kobe Bryant
-163.0,137.0,88,38,0.4318,Kobe Bryant
-163.0,162.0,47,21,0.4468,Kobe Bryant
-163.0,187.0,226,83,0.3673,Kobe Bryant
-163.0,212.0,182,63,0.3462,Kobe Bryant
-163.0,237.0,36,9,0.25,Kobe Bryant
-163.0,262.0,6,1,0.1667,Kobe Bryant
-163.0,312.0,1,0,0.0,Kobe Bryant
-163.0,337.0,1,1,1.0,Kobe Bryant
-163.0,362.0,1,0,0.0,Kobe Bryant
-163.0,387.0,2,0,0.0,Kobe Bryant
-163.0,412.0,1,0,0.0,Kobe Bryant
-163.0,487.0,2,0,0.0,Kobe Bryant
-163.0,512.0,1,0,0.0,Kobe Bryant
-163.0,637.0,1,0,0.0,Kobe Bryant
-138.0,-38.0,8,3,0.375,Kobe Bryant
-138.0,-13.0,83,42,0.506,Kobe Bryant
-138.0,12.0,161,55,0.3416,Kobe Bryant
-138.0,37.0,125,48,0.384,Kobe Bryant
-138.0,62.0,100,39,0.39,Kobe Bryant
-138.0,87.0,120,48,0.4,Kobe Bryant
-138.0,112.0,138,54,0.3913,Kobe Bryant
-138.0,137.0,170,68,0.4,Kobe Bryant
-138.0,162.0,108,42,0.3889,Kobe Bryant
-138.0,187.0,56,23,0.4107,Kobe Bryant
-138.0,212.0,236,85,0.3602,Kobe Bryant
-138.0,237.0,91,26,0.2857,Kobe Bryant
-138.0,262.0,11,2,0.1818,Kobe Bryant
-138.0,287.0,4,1,0.25,Kobe Bryant
-138.0,312.0,1,1,1.0,Kobe Bryant
-138.0,337.0,1,0,0.0,Kobe Bryant
-138.0,362.0,2,0,0.0,Kobe Bryant
-138.0,387.0,1,0,0.0,Kobe Bryant
-138.0,462.0,1,0,0.0,Kobe Bryant
-138.0,537.0,2,0,0.0,Kobe Bryant
-138.0,562.0,1,0,0.0,Kobe Bryant
-138.0,587.0,1,0,0.0,Kobe Bryant
-113.0,-38.0,5,3,0.6,Kobe Bryant
-113.0,-13.0,67,27,0.403,Kobe Bryant
-113.0,12.0,116,49,0.4224,Kobe Bryant
-113.0,37.0,103,40,0.3883,Kobe Bryant
-113.0,62.0,85,29,0.3412,Kobe Bryant
-113.0,87.0,99,40,0.404,Kobe Bryant
-113.0,112.0,134,57,0.4254,Kobe Bryant
-113.0,137.0,185,76,0.4108,Kobe Bryant
-113.0,162.0,161,65,0.4037,Kobe Bryant
-113.0,187.0,86,44,0.5116,Kobe Bryant
-113.0,212.0,94,24,0.2553,Kobe Bryant
-113.0,237.0,127,39,0.3071,Kobe Bryant
-113.0,262.0,21,6,0.2857,Kobe Bryant
-113.0,362.0,1,0,0.0,Kobe Bryant
-113.0,512.0,1,0,0.0,Kobe Bryant
-113.0,737.0,1,0,0.0,Kobe Bryant
-88.0,-38.0,2,0,0.0,Kobe Bryant
-88.0,-13.0,27,11,0.4074,Kobe Bryant
-88.0,12.0,93,45,0.4839,Kobe Bryant
-88.0,37.0,94,45,0.4787,Kobe Bryant
-88.0,62.0,56,20,0.3571,Kobe Bryant
-88.0,87.0,83,38,0.4578,Kobe Bryant
-88.0,112.0,78,29,0.3718,Kobe Bryant
-88.0,137.0,124,51,0.4113,Kobe Bryant
-88.0,162.0,120,50,0.4167,Kobe Bryant
-88.0,187.0,72,25,0.3472,Kobe Bryant
-88.0,212.0,40,15,0.375,Kobe Bryant
-88.0,237.0,103,37,0.3592,Kobe Bryant
-88.0,262.0,36,9,0.25,Kobe Bryant
-88.0,287.0,5,1,0.2,Kobe Bryant
-88.0,312.0,3,1,0.3333,Kobe Bryant
-88.0,362.0,1,0,0.0,Kobe Bryant
-88.0,387.0,1,0,0.0,Kobe Bryant
-88.0,537.0,1,0,0.0,Kobe Bryant
-63.0,-13.0,7,2,0.2857,Kobe Bryant
-63.0,12.0,87,34,0.3908,Kobe Bryant
-63.0,37.0,126,54,0.4286,Kobe Bryant
-63.0,62.0,98,36,0.3673,Kobe Bryant
-63.0,87.0,90,36,0.4,Kobe Bryant
-63.0,112.0,103,51,0.4951,Kobe Bryant
-63.0,137.0,68,37,0.5441,Kobe Bryant
-63.0,162.0,99,42,0.4242,Kobe Bryant
-63.0,187.0,94,35,0.3723,Kobe Bryant
-63.0,212.0,36,17,0.4722,Kobe Bryant
-63.0,237.0,63,28,0.4444,Kobe Bryant
-63.0,262.0,51,16,0.3137,Kobe Bryant
-63.0,287.0,6,4,0.6667,Kobe Bryant
-63.0,312.0,2,0,0.0,Kobe Bryant
-63.0,412.0,1,0,0.0,Kobe Bryant
-63.0,437.0,1,0,0.0,Kobe Bryant
-63.0,462.0,1,0,0.0,Kobe Bryant
-63.0,487.0,1,0,0.0,Kobe Bryant
-63.0,587.0,1,0,0.0,Kobe Bryant
-63.0,712.0,1,0,0.0,Kobe Bryant
-38.0,-13.0,8,3,0.375,Kobe Bryant
-38.0,12.0,126,47,0.373,Kobe Bryant
-38.0,37.0,124,58,0.4677,Kobe Bryant
-38.0,62.0,141,67,0.4752,Kobe Bryant
-38.0,87.0,97,46,0.4742,Kobe Bryant
-38.0,112.0,78,35,0.4487,Kobe Bryant
-38.0,137.0,51,24,0.4706,Kobe Bryant
-38.0,162.0,67,29,0.4328,Kobe Bryant
-38.0,187.0,55,20,0.3636,Kobe Bryant
-38.0,212.0,56,21,0.375,Kobe Bryant
-38.0,237.0,40,12,0.3,Kobe Bryant
-38.0,262.0,54,25,0.463,Kobe Bryant
-38.0,287.0,13,3,0.2308,Kobe Bryant
-38.0,312.0,2,0,0.0,Kobe Bryant
-38.0,337.0,1,0,0.0,Kobe Bryant
-38.0,387.0,1,0,0.0,Kobe Bryant
-38.0,412.0,1,0,0.0,Kobe Bryant
-38.0,487.0,1,0,0.0,Kobe Bryant
-38.0,562.0,1,0,0.0,Kobe Bryant
-38.0,737.0,1,0,0.0,Kobe Bryant
-13.0,-13.0,58,42,0.7241,Kobe Bryant
-13.0,12.0,459,292,0.6362,Kobe Bryant
-13.0,37.0,178,76,0.427,Kobe Bryant
-13.0,62.0,196,89,0.4541,Kobe Bryant
-13.0,87.0,123,48,0.3902,Kobe Bryant
-13.0,112.0,86,41,0.4767,Kobe Bryant
-13.0,137.0,83,43,0.5181,Kobe Bryant
-13.0,162.0,76,32,0.4211,Kobe Bryant
-13.0,187.0,79,31,0.3924,Kobe Bryant
-13.0,212.0,82,31,0.378,Kobe Bryant
-13.0,237.0,57,16,0.2807,Kobe Bryant
-13.0,262.0,128,47,0.3672,Kobe Bryant
-13.0,287.0,13,0,0.0,Kobe Bryant
-13.0,337.0,1,0,0.0,Kobe Bryant
-13.0,362.0,1,0,0.0,Kobe Bryant
-13.0,512.0,1,0,0.0,Kobe Bryant
-13.0,562.0,1,0,0.0,Kobe Bryant
-13.0,587.0,1,0,0.0,Kobe Bryant
12.0,-38.0,1,1,1.0,Kobe Bryant
12.0,-13.0,101,73,0.7228,Kobe Bryant
12.0,12.0,5078,3223,0.6347,Kobe Bryant
12.0,37.0,275,129,0.4691,Kobe Bryant
12.0,62.0,224,104,0.4643,Kobe Bryant
12.0,87.0,167,80,0.479,Kobe Bryant
12.0,112.0,98,48,0.4898,Kobe Bryant
12.0,137.0,107,54,0.5047,Kobe Bryant
12.0,162.0,126,57,0.4524,Kobe Bryant
12.0,187.0,106,41,0.3868,Kobe Bryant
12.0,212.0,81,38,0.4691,Kobe Bryant
12.0,237.0,53,21,0.3962,Kobe Bryant
12.0,262.0,129,46,0.3566,Kobe Bryant
12.0,287.0,27,6,0.2222,Kobe Bryant
12.0,312.0,5,1,0.2,Kobe Bryant
12.0,337.0,1,0,0.0,Kobe Bryant
12.0,362.0,2,0,0.0,Kobe Bryant
12.0,387.0,3,0,0.0,Kobe Bryant
12.0,412.0,2,0,0.0,Kobe Bryant
12.0,437.0,1,1,1.0,Kobe Bryant
12.0,512.0,1,0,0.0,Kobe Bryant
12.0,537.0,1,0,0.0,Kobe Bryant
12.0,612.0,1,0,0.0,Kobe Bryant
12.0,637.0,1,0,0.0,Kobe Bryant
12.0,687.0,1,0,0.0,Kobe Bryant
37.0,-13.0,12,5,0.4167,Kobe Bryant
37.0,12.0,136,64,0.4706,Kobe Bryant
37.0,37.0,141,63,0.4468,Kobe Bryant
37.0,62.0,161,75,0.4658,Kobe Bryant
37.0,87.0,105,41,0.3905,Kobe Bryant
37.0,112.0,69,35,0.5072,Kobe Bryant
37.0,137.0,68,33,0.4853,Kobe Bryant
37.0,162.0,65,31,0.4769,Kobe Bryant
37.0,187.0,84,38,0.4524,Kobe Bryant
37.0,212.0,45,16,0.3556,Kobe Bryant
37.0,237.0,41,11,0.2683,Kobe Bryant
37.0,262.0,62,16,0.2581,Kobe Bryant
37.0,287.0,8,4,0.5,Kobe Bryant
37.0,312.0,1,1,1.0,Kobe Bryant
37.0,337.0,1,0,0.0,Kobe Bryant
37.0,412.0,1,0,0.0,Kobe Bryant
37.0,487.0,1,0,0.0,Kobe Bryant
37.0,512.0,2,0,0.0,Kobe Bryant
62.0,-38.0,1,0,0.0,Kobe Bryant
62.0,-13.0,13,4,0.3077,Kobe Bryant
62.0,12.0,138,50,0.3623,Kobe Bryant
62.0,37.0,160,75,0.4688,Kobe Bryant
62.0,62.0,127,52,0.4094,Kobe Bryant
62.0,87.0,96,44,0.4583,Kobe Bryant
62.0,112.0,124,59,0.4758,Kobe Bryant
62.0,137.0,95,47,0.4947,Kobe Bryant
62.0,162.0,113,61,0.5398,Kobe Bryant
62.0,187.0,95,36,0.3789,Kobe Bryant
62.0,212.0,48,20,0.4167,Kobe Bryant
62.0,237.0,58,19,0.3276,Kobe Bryant
62.0,262.0,53,19,0.3585,Kobe Bryant
62.0,287.0,7,4,0.5714,Kobe Bryant
62.0,312.0,1,0,0.0,Kobe Bryant
62.0,537.0,1,0,0.0,Kobe Bryant
62.0,562.0,2,0,0.0,Kobe Bryant
62.0,587.0,1,0,0.0,Kobe Bryant
87.0,-38.0,2,0,0.0,Kobe Bryant
87.0,-13.0,27,13,0.4815,Kobe Bryant
87.0,12.0,125,52,0.416,Kobe Bryant
87.0,37.0,114,51,0.4474,Kobe Bryant
87.0,62.0,79,33,0.4177,Kobe Bryant
87.0,87.0,84,42,0.5,Kobe Bryant
87.0,112.0,106,45,0.4245,Kobe Bryant
87.0,137.0,156,64,0.4103,Kobe Bryant
87.0,162.0,183,77,0.4208,Kobe Bryant
87.0,187.0,141,64,0.4539,Kobe Bryant
87.0,212.0,47,18,0.383,Kobe Bryant
87.0,237.0,141,42,0.2979,Kobe Bryant
87.0,262.0,50,15,0.3,Kobe Bryant
87.0,287.0,4,0,0.0,Kobe Bryant
87.0,412.0,2,0,0.0,Kobe Bryant
87.0,487.0,1,0,0.0,Kobe Bryant
112.0,-38.0,2,1,0.5,Kobe Bryant
112.0,-13.0,74,28,0.3784,Kobe Bryant
112.0,12.0,172,81,0.4709,Kobe Bryant
112.0,37.0,107,39,0.3645,Kobe Bryant
112.0,62.0,80,40,0.5,Kobe Bryant
112.0,87.0,85,37,0.4353,Kobe Bryant
112.0,112.0,124,45,0.3629,Kobe Bryant
112.0,137.0,233,96,0.412,Kobe Bryant
112.0,162.0,222,88,0.3964,Kobe Bryant
112.0,187.0,117,48,0.4103,Kobe Bryant
112.0,212.0,113,33,0.292,Kobe Bryant
112.0,237.0,199,69,0.3467,Kobe Bryant
112.0,262.0,30,7,0.2333,Kobe Bryant
112.0,312.0,1,0,0.0,Kobe Bryant
112.0,387.0,1,0,0.0,Kobe Bryant
112.0,412.0,1,0,0.0,Kobe Bryant
112.0,462.0,2,0,0.0,Kobe Bryant
112.0,612.0,1,0,0.0,Kobe Bryant
112.0,687.0,1,0,0.0,Kobe Bryant
137.0,-38.0,18,12,0.6667,Kobe Bryant
137.0,-13.0,137,51,0.3723,Kobe Bryant
137.0,12.0,208,88,0.4231,Kobe Bryant
137.0,37.0,125,46,0.368,Kobe Bryant
137.0,62.0,125,47,0.376,Kobe Bryant
137.0,87.0,140,47,0.3357,Kobe Bryant
137.0,112.0,190,65,0.3421,Kobe Bryant
137.0,137.0,209,92,0.4402,Kobe Bryant
137.0,162.0,168,65,0.3869,Kobe Bryant
137.0,187.0,67,21,0.3134,Kobe Bryant
137.0,212.0,253,88,0.3478,Kobe Bryant
137.0,237.0,112,41,0.3661,Kobe Bryant
137.0,262.0,10,4,0.4,Kobe Bryant
137.0,287.0,3,0,0.0,Kobe Bryant
137.0,362.0,1,0,0.0,Kobe Bryant
137.0,387.0,2,0,0.0,Kobe Bryant
137.0,437.0,1,0,0.0,Kobe Bryant
137.0,562.0,1,0,0.0,Kobe Bryant
137.0,637.0,1,0,0.0,Kobe Bryant
162.0,-38.0,12,4,0.3333,Kobe Bryant
162.0,-13.0,140,56,0.4,Kobe Bryant
162.0,12.0,239,85,0.3556,Kobe Bryant
162.0,37.0,144,57,0.3958,Kobe Bryant
162.0,62.0,111,37,0.3333,Kobe Bryant
162.0,87.0,129,53,0.4109,Kobe Bryant
162.0,112.0,129,51,0.3953,Kobe Bryant
162.0,137.0,108,41,0.3796,Kobe Bryant
162.0,162.0,65,27,0.4154,Kobe Bryant
162.0,187.0,209,80,0.3828,Kobe Bryant
162.0,212.0,167,58,0.3473,Kobe Bryant
162.0,237.0,33,11,0.3333,Kobe Bryant
162.0,262.0,2,0,0.0,Kobe Bryant
162.0,287.0,1,0,0.0,Kobe Bryant
162.0,337.0,3,2,0.6667,Kobe Bryant
162.0,362.0,2,0,0.0,Kobe Bryant
162.0,537.0,1,0,0.0,Kobe Bryant
162.0,587.0,2,0,0.0,Kobe Bryant
162.0,612.0,1,0,0.0,Kobe Bryant
187.0,-38.0,5,3,0.6,Kobe Bryant
187.0,-13.0,115,45,0.3913,Kobe Bryant
187.0,12.0,133,62,0.4662,Kobe Bryant
187.0,37.0,65,20,0.3077,Kobe Bryant
187.0,62.0,37,17,0.4595,Kobe Bryant
187.0,87.0,32,11,0.3438,Kobe Bryant
187.0,112.0,42,20,0.4762,Kobe Bryant
187.0,137.0,39,20,0.5128,Kobe Bryant
187.0,162.0,154,65,0.4221,Kobe Bryant
187.0,187.0,132,53,0.4015,Kobe Bryant
187.0,212.0,34,9,0.2647,Kobe Bryant
187.0,237.0,7,4,0.5714,Kobe Bryant
187.0,262.0,1,0,0.0,Kobe Bryant
187.0,287.0,5,0,0.0,Kobe Bryant
187.0,312.0,1,0,0.0,Kobe Bryant
187.0,337.0,3,0,0.0,Kobe Bryant
187.0,362.0,2,0,0.0,Kobe Bryant
187.0,387.0,3,0,0.0,Kobe Bryant
187.0,412.0,1,0,0.0,Kobe Bryant
187.0,437.0,1,0,0.0,Kobe Bryant
187.0,512.0,1,0,0.0,Kobe Bryant
212.0,-38.0,6,1,0.1667,Kobe Bryant
212.0,-13.0,39,11,0.2821,Kobe Bryant
212.0,12.0,47,20,0.4255,Kobe Bryant
212.0,37.0,24,8,0.3333,Kobe Bryant
212.0,62.0,14,2,0.1429,Kobe Bryant
212.0,87.0,22,5,0.2273,Kobe Bryant
212.0,112.0,64,20,0.3125,Kobe Bryant
212.0,137.0,117,48,0.4103,Kobe Bryant
212.0,162.0,77,24,0.3117,Kobe Bryant
212.0,187.0,21,3,0.1429,Kobe Bryant
212.0,212.0,2,0,0.0,Kobe Bryant
212.0,237.0,3,0,0.0,Kobe Bryant
212.0,287.0,1,0,0.0,Kobe Bryant
212.0,387.0,1,0,0.0,Kobe Bryant
237.0,-38.0,8,3,0.375,Kobe Bryant
237.0,-13.0,79,34,0.4304,Kobe Bryant
237.0,12.0,114,32,0.2807,Kobe Bryant
237.0,37.0,49,19,0.3878,Kobe Bryant
237.0,62.0,41,12,0.2927,Kobe Bryant
237.0,87.0,24,8,0.3333,Kobe Bryant
237.0,112.0,30,8,0.2667,Kobe Bryant
237.0,137.0,7,3,0.4286,Kobe Bryant
237.0,162.0,2,0,0.0,Kobe Bryant
237.0,187.0,2,0,0.0,Kobe Bryant
237.0,212.0,1,0,0.0,Kobe Bryant
237.0,387.0,1,0,0.0,Kobe Bryant
-238.0,-13.0,4,0,0.0,LeBron James
-238.0,12.0,7,0,0.0,LeBron James
-238.0,37.0,3,0,0.0,LeBron James
-238.0,62.0,4,3,0.75,LeBron James
-238.0,87.0,1,0,0.0,LeBron James
-238.0,112.0,1,1,1.0,LeBron James
-238.0,137.0,1,1,1.0,LeBron James
-213.0,12.0,1,0,0.0,LeBron James
-213.0,112.0,1,0,0.0,LeBron James
-213.0,137.0,2,2,1.0,LeBron James
-213.0,162.0,5,2,0.4,LeBron James
-213.0,187.0,4,0,0.0,LeBron James
-213.0,212.0,1,1,1.0,LeBron James
-188.0,112.0,1,1,1.0,LeBron James
-188.0,162.0,2,0,0.0,LeBron James
-188.0,187.0,3,1,0.3333,LeBron James
-163.0,-13.0,1,0,0.0,LeBron James
-163.0,12.0,4,1,0.25,LeBron James
-163.0,37.0,2,1,0.5,LeBron James
-163.0,62.0,2,2,1.0,LeBron James
-163.0,137.0,1,1,1.0,LeBron James
-163.0,187.0,2,0,0.0,LeBron James
-163.0,212.0,8,4,0.5,LeBron James
-163.0,237.0,5,2,0.4,LeBron James
-138.0,-13.0,1,0,0.0,LeBron James
-138.0,12.0,4,0,0.0,LeBron James
-138.0,37.0,4,2,0.5,LeBron James
-138.0,87.0,1,0,0.0,LeBron James
-138.0,137.0,2,0,0.0,LeBron James
-138.0,212.0,7,1,0.1429,LeBron James
-138.0,237.0,9,4,0.4444,LeBron James
-138.0,312.0,1,0,0.0,LeBron James
-113.0,-13.0,1,1,1.0,LeBron James
-113.0,12.0,2,0,0.0,LeBron James
-113.0,37.0,4,3,0.75,LeBron James
-113.0,62.0,4,3,0.75,LeBron James
-113.0,87.0,1,0,0.0,LeBron James
-113.0,137.0,2,0,0.0,LeBron James
-113.0,162.0,2,0,0.0,LeBron James
-113.0,187.0,1,0,0.0,LeBron James
-113.0,237.0,5,2,0.4,LeBron James
-113.0,262.0,1,1,1.0,LeBron James
-113.0,287.0,1,0,0.0,LeBron James
-88.0,37.0,3,2,0.6667,LeBron James
-88.0,62.0,1,0,0.0,LeBron James
-88.0,87.0,1,0,0.0,LeBron James
-88.0,112.0,1,0,0.0,LeBron James
-88.0,137.0,2,1,0.5,LeBron James
-88.0,162.0,3,2,0.6667,LeBron James
-88.0,187.0,2,0,0.0,LeBron James
-88.0,237.0,3,0,0.0,LeBron James
-88.0,262.0,6,3,0.5,LeBron James
-88.0,287.0,1,1,1.0,LeBron James
-63.0,12.0,3,0,0.0,LeBron James
-63.0,37.0,4,2,0.5,LeBron James
-63.0,62.0,3,2,0.6667,LeBron James
-63.0,87.0,6,3,0.5,LeBron James
-63.0,112.0,3,2,0.6667,LeBron James
-63.0,137.0,4,2,0.5,LeBron James
-63.0,162.0,1,1,1.0,LeBron James
-63.0,212.0,1,1,1.0,LeBron James
-63.0,262.0,3,1,0.3333,LeBron James
-63.0,287.0,1,0,0.0,LeBron James
-38.0,12.0,17,11,0.6471,LeBron James
-38.0,37.0,7,3,0.4286,LeBron James
-38.0,62.0,7,3,0.4286,LeBron James
-38.0,87.0,5,2,0.4,LeBron James
-38.0,112.0,2,1,0.5,LeBron James
-38.0,137.0,1,0,0.0,LeBron James
-38.0,162.0,2,0,0.0,LeBron James
-38.0,212.0,1,0,0.0,LeBron James
-38.0,312.0,1,0,0.0,LeBron James
-13.0,-13.0,8,5,0.625,LeBron James
-13.0,12.0,69,53,0.7681,LeBron James
-13.0,37.0,29,18,0.6207,LeBron James
-13.0,62.0,10,3,0.3,LeBron James
-13.0,87.0,1,0,0.0,LeBron James
-13.0,112.0,3,1,0.3333,LeBron James
-13.0,137.0,2,0,0.0,LeBron James
-13.0,162.0,2,2,1.0,LeBron James
-13.0,187.0,2,1,0.5,LeBron James
-13.0,212.0,1,1,1.0,LeBron James
-13.0,237.0,1,0,0.0,LeBron James
-13.0,287.0,1,0,0.0,LeBron James
-13.0,337.0,1,0,0.0,LeBron James
12.0,-13.0,7,6,0.8571,LeBron James
12.0,12.0,71,56,0.7887,LeBron James
12.0,37.0,20,12,0.6,LeBron James
12.0,62.0,5,1,0.2,LeBron James
12.0,87.0,4,4,1.0,LeBron James
12.0,112.0,4,1,0.25,LeBron James
12.0,137.0,3,2,0.6667,LeBron James
12.0,187.0,2,1,0.5,LeBron James
12.0,212.0,1,0,0.0,LeBron James
12.0,262.0,7,3,0.4286,LeBron James
37.0,-13.0,2,1,0.5,LeBron James
37.0,12.0,16,10,0.625,LeBron James
37.0,37.0,12,6,0.5,LeBron James
37.0,62.0,2,0,0.0,LeBron James
37.0,87.0,3,1,0.3333,LeBron James
37.0,112.0,2,1,0.5,LeBron James
37.0,137.0,2,0,0.0,LeBron James
37.0,162.0,2,2,1.0,LeBron James
37.0,187.0,1,0,0.0,LeBron James
37.0,262.0,2,0,0.0,LeBron James
37.0,287.0,2,0,0.0,LeBron James
62.0,-13.0,1,1,1.0,LeBron James
62.0,12.0,4,1,0.25,LeBron James
62.0,62.0,2,0,0.0,LeBron James
62.0,87.0,1,1,1.0,LeBron James
62.0,187.0,1,0,0.0,LeBron James
62.0,237.0,1,0,0.0,LeBron James
62.0,262.0,2,0,0.0,LeBron James
62.0,287.0,3,2,0.6667,LeBron James
87.0,-13.0,1,1,1.0,LeBron James
87.0,37.0,1,0,0.0,LeBron James
87.0,62.0,1,0,0.0,LeBron James
87.0,87.0,2,1,0.5,LeBron James
87.0,137.0,3,1,0.3333,LeBron James
87.0,187.0,1,0,0.0,LeBron James
87.0,237.0,2,0,0.0,LeBron James
87.0,262.0,5,3,0.6,LeBron James
112.0,12.0,1,0,0.0,LeBron James
112.0,37.0,2,1,0.5,LeBron James
112.0,62.0,1,1,1.0,LeBron James
112.0,87.0,4,2,0.5,LeBron James
112.0,137.0,1,1,1.0,LeBron James
112.0,212.0,3,1,0.3333,LeBron James
112.0,237.0,6,1,0.1667,LeBron James
137.0,37.0,2,1,0.5,LeBron James
137.0,62.0,1,1,1.0,LeBron James
137.0,87.0,2,0,0.0,LeBron James
137.0,112.0,1,0,0.0,LeBron James
137.0,137.0,1,1,1.0,LeBron James
137.0,162.0,1,0,0.0,LeBron James
137.0,212.0,4,2,0.5,LeBron James
137.0,237.0,4,0,0.0,LeBron James
137.0,262.0,2,1,0.5,LeBron James
137.0,312.0,1,0,0.0,LeBron James
162.0,37.0,1,0,0.0,LeBron James
162.0,62.0,1,0,0.0,LeBron James
162.0,87.0,1,1,1.0,LeBron James
162.0,137.0,1,0,0.0,LeBron James
162.0,187.0,4,2,0.5,LeBron James
162.0,212.0,8,2,0.25,LeBron James
162.0,237.0,2,1,0.5,LeBron James
187.0,37.0,1,0,0.0,LeBron James
187.0,87.0,1,0,0.0,LeBron James
187.0,162.0,1,0,0.0,LeBron James
187.0,187.0,1,0,0.0,LeBron James
187.0,212.0,2,0,0.0,LeBron James
212.0,112.0,1,1,1.0,LeBron James
212.0,137.0,1,0,0.0,LeBron James
212.0,162.0,1,1,1.0,LeBron James
237.0,-13.0,3,0,0.0,LeBron James
237.0,12.0,3,1,0.3333,LeBron James
237.0,37.0,4,1,0.25,LeBron James
237.0,62.0,3,1,0.3333,LeBron James
-238.0,-13.0,4,1,0.25,Luka Dončić
-238.0,12.0,3,1,0.3333,Luka Dončić
-238.0,37.0,3,1,0.3333,Luka Dončić
-238.0,62.0,2,0,0.0,Luka Dončić
-238.0,87.0,4,1,0.25,Luka Dončić
-238.0,137.0,2,1,0.5,Luka Dončić
-238.0,162.0,2,0,0.0,Luka Dončić
-213.0,-13.0,1,0,0.0,Luka Dončić
-213.0,12.0,3,0,0.0,Luka Dončić
-213.0,87.0,1,1,1.0,Luka Dončić
-213.0,112.0,3,0,0.0,Luka Dončić
-213.0,137.0,4,1,0.25,Luka Dončić
-213.0,162.0,15,6,0.4,Luka Dončić
-213.0,187.0,4,3,0.75,Luka Dončić
-213.0,212.0,1,0,0.0,Luka Dončić
-188.0,-13.0,2,2,1.0,Luka Dončić
-188.0,37.0,1,1,1.0,Luka Dončić
-188.0,162.0,4,1,0.25,Luka Dončić
-188.0,187.0,13,5,0.3846,Luka Dončić
-188.0,212.0,11,1,0.0909,Luka Dončić
-188.0,237.0,2,0,0.0,Luka Dončić
-163.0,-13.0,1,0,0.0,Luka Dončić
-163.0,12.0,1,1,1.0,Luka Dončić
-163.0,87.0,1,0,0.0,Luka Dončić
-163.0,137.0,1,0,0.0,Luka Dončić
-163.0,162.0,1,1,1.0,Luka Dončić
-163.0,187.0,6,1,0.1667,Luka Dončić
-163.0,212.0,27,12,0.4444,Luka Dončić
-163.0,237.0,13,2,0.1538,Luka Dončić
-163.0,262.0,3,1,0.3333,Luka Dončić
-163.0,287.0,1,1,1.0,Luka Dončić
-138.0,12.0,5,3,0.6,Luka Dončić
-138.0,37.0,2,1,0.5,Luka Dončić
-138.0,62.0,3,3,1.0,Luka Dončić
-138.0,87.0,2,1,0.5,Luka Dončić
-138.0,112.0,1,0,0.0,Luka Dončić
-138.0,137.0,1,0,0.0,Luka Dončić
-138.0,212.0,12,2,0.1667,Luka Dončić
-138.0,237.0,19,8,0.4211,Luka Dončić
-138.0,262.0,5,3,0.6,Luka Dončić
-138.0,287.0,1,1,1.0,Luka Dončić
-113.0,-38.0,1,0,0.0,Luka Dončić
-113.0,-13.0,3,1,0.3333,Luka Dončić
-113.0,12.0,2,0,0.0,Luka Dončić
-113.0,37.0,3,1,0.3333,Luka Dončić
-113.0,62.0,3,1,0.3333,Luka Dončić
-113.0,87.0,2,1,0.5,Luka Dončić
-113.0,112.0,3,3,1.0,Luka Dončić
-113.0,137.0,5,0,0.0,Luka Dončić
-113.0,162.0,2,0,0.0,Luka Dončić
-113.0,187.0,4,1,0.25,Luka Dončić
-113.0,212.0,3,2,0.6667,Luka Dončić
-113.0,237.0,13,5,0.3846,Luka Dončić
-113.0,262.0,6,1,0.1667,Luka Dončić
-113.0,287.0,4,0,0.0,Luka Dončić
-88.0,-13.0,3,1,0.3333,Luka Dončić
-88.0,12.0,2,0,0.0,Luka Dončić
-88.0,37.0,4,2,0.5,Luka Dončić
-88.0,62.0,4,3,0.75,Luka Dončić
-88.0,87.0,3,2,0.6667,Luka Dončić
-88.0,112.0,1,0,0.0,Luka Dončić
-88.0,137.0,3,1,0.3333,Luka Dončić
-88.0,162.0,2,1,0.5,Luka Dončić
-88.0,187.0,4,2,0.5,Luka Dončić
-88.0,237.0,7,4,0.5714,Luka Dončić
-88.0,262.0,11,5,0.4545,Luka Dončić
-88.0,287.0,4,2,0.5,Luka Dončić
-88.0,312.0,1,1,1.0,Luka Dončić
-63.0,12.0,4,1,0.25,Luka Dončić
-63.0,37.0,4,2,0.5,Luka Dončić
-63.0,62.0,8,4,0.5,Luka Dončić
-63.0,87.0,6,4,0.6667,Luka Dončić
-63.0,112.0,12,8,0.6667,Luka Dončić
-63.0,137.0,10,10,1.0,Luka Dončić
-63.0,162.0,2,1,0.5,Luka Dončić
-63.0,212.0,2,1,0.5,Luka Dončić
-63.0,237.0,1,1,1.0,Luka Dončić
-63.0,262.0,15,5,0.3333,Luka Dončić
-63.0,287.0,2,1,0.5,Luka Dončić
-63.0,312.0,2,0,0.0,Luka Dončić
-63.0,337.0,3,0,0.0,Luka Dončić
-38.0,-13.0,1,1,1.0,Luka Dončić
-38.0,12.0,3,2,0.6667,Luka Dončić
-38.0,37.0,6,3,0.5,Luka Dončić
-38.0,62.0,5,4,0.8,Luka Dončić
-38.0,87.0,6,3,0.5,Luka Dončić
-38.0,112.0,8,3,0.375,Luka Dončić
-38.0,137.0,3,0,0.0,Luka Dončić
-38.0,162.0,2,1,0.5,Luka Dončić
-38.0,212.0,2,0,0.0,Luka Dončić
-38.0,237.0,2,1,0.5,Luka Dončić
-38.0,262.0,10,5,0.5,Luka Dončić
-38.0,287.0,3,0,0.0,Luka Dončić
-38.0,312.0,1,1,1.0,Luka Dončić
-13.0,-13.0,2,1,0.5,Luka Dončić
-13.0,12.0,22,20,0.9091,Luka Dončić
-13.0,37.0,15,10,0.6667,Luka Dončić
-13.0,62.0,8,6,0.75,Luka Dončić
-13.0,87.0,10,7,0.7,Luka Dončić
-13.0,112.0,11,9,0.8182,Luka Dončić
-13.0,137.0,4,3,0.75,Luka Dončić
-13.0,162.0,5,1,0.2,Luka Dončić
-13.0,187.0,1,0,0.0,Luka Dončić
-13.0,237.0,1,0,0.0,Luka Dončić
-13.0,262.0,16,9,0.5625,Luka Dončić
-13.0,287.0,6,4,0.6667,Luka Dončić
-13.0,312.0,1,0,0.0,Luka Dončić
-13.0,387.0,1,0,0.0,Luka Dončić
12.0,12.0,40,31,0.775,Luka Dončić
12.0,37.0,33,25,0.7576,Luka Dončić
12.0,62.0,7,5,0.7143,Luka Dončić
12.0,87.0,12,7,0.5833,Luka Dončić
12.0,112.0,8,4,0.5,Luka Dončić
12.0,137.0,7,3,0.4286,Luka Dončić
12.0,162.0,5,2,0.4,Luka Dončić
12.0,212.0,1,0,0.0,Luka Dončić
12.0,237.0,1,0,0.0,Luka Dončić
12.0,262.0,10,4,0.4,Luka Dončić
12.0,287.0,2,1,0.5,Luka Dončić
37.0,-13.0,1,1,1.0,Luka Dončić
37.0,12.0,12,9,0.75,Luka Dončić
37.0,37.0,12,6,0.5,Luka Dončić
37.0,62.0,13,5,0.3846,Luka Dončić
37.0,87.0,8,4,0.5,Luka Dončić
37.0,112.0,10,1,0.1,Luka Dončić
37.0,137.0,3,2,0.6667,Luka Dončić
37.0,162.0,4,2,0.5,Luka Dončić
37.0,187.0,2,2,1.0,Luka Dončić
37.0,237.0,2,1,0.5,Luka Dončić
37.0,262.0,7,3,0.4286,Luka Dončić
37.0,287.0,3,2,0.6667,Luka Dončić
37.0,312.0,1,0,0.0,Luka Dončić
37.0,362.0,1,1,1.0,Luka Dončić
62.0,12.0,5,0,0.0,Luka Dončić
62.0,37.0,6,2,0.3333,Luka Dončić
62.0,62.0,10,6,0.6,Luka Dončić
62.0,87.0,6,4,0.6667,Luka Dončić
62.0,112.0,9,5,0.5556,Luka Dončić
62.0,137.0,7,3,0.4286,Luka Dončić
62.0,162.0,1,1,1.0,Luka Dončić
62.0,187.0,2,1,0.5,Luka Dončić
62.0,237.0,3,2,0.6667,Luka Dončić
62.0,262.0,7,0,0.0,Luka Dončić
62.0,287.0,3,1,0.3333,Luka Dončić
87.0,-38.0,1,1,1.0,Luka Dončić
87.0,-13.0,3,2,0.6667,Luka Dončić
87.0,12.0,4,2,0.5,Luka Dončić
87.0,37.0,5,2,0.4,Luka Dončić
87.0,62.0,5,3,0.6,Luka Dončić
87.0,87.0,3,2,0.6667,Luka Dončić
87.0,112.0,2,1,0.5,Luka Dončić
87.0,137.0,8,3,0.375,Luka Dončić
87.0,162.0,3,2,0.6667,Luka Dončić
87.0,237.0,9,2,0.2222,Luka Dončić
87.0,262.0,9,4,0.4444,Luka Dončić
87.0,287.0,2,0,0.0,Luka Dončić
87.0,337.0,1,0,0.0,Luka Dončić
112.0,-13.0,1,0,0.0,Luka Dončić
112.0,12.0,4,2,0.5,Luka Dončić
112.0,37.0,1,1,1.0,Luka Dončić
112.0,62.0,2,1,0.5,Luka Dončić
112.0,87.0,1,0,0.0,Luka Dončić
112.0,112.0,3,1,0.3333,Luka Dončić
112.0,137.0,2,1,0.5,Luka Dončić
112.0,212.0,1,1,1.0,Luka Dončić
112.0,237.0,13,7,0.5385,Luka Dončić
112.0,262.0,7,1,0.1429,Luka Dončić
112.0,287.0,2,0,0.0,Luka Dončić
112.0,312.0,1,0,0.0,Luka Dončić
112.0,337.0,1,0,0.0,Luka Dončić
137.0,-13.0,1,0,0.0,Luka Dončić
137.0,37.0,1,1,1.0,Luka Dončić
137.0,62.0,2,1,0.5,Luka Dončić
137.0,112.0,1,1,1.0,Luka Dončić
137.0,137.0,1,0,0.0,Luka Dončić
137.0,162.0,1,0,0.0,Luka Dončić
137.0,212.0,12,5,0.4167,Luka Dončić
137.0,237.0,15,3,0.2,Luka Dončić
137.0,262.0,3,1,0.3333,Luka Dončić
137.0,287.0,1,1,1.0,Luka Dončić
137.0,312.0,1,0,0.0,Luka Dončić
162.0,37.0,1,1,1.0,Luka Dončić
162.0,187.0,3,0,0.0,Luka Dončić
162.0,212.0,9,4,0.4444,Luka Dončić
162.0,237.0,2,0,0.0,Luka Dončić
187.0,162.0,2,0,0.0,Luka Dončić
187.0,187.0,8,3,0.375,Luka Dončić
187.0,212.0,5,2,0.4,Luka Dončić
187.0,237.0,3,0,0.0,Luka Dončić
187.0,262.0,1,1,1.0,Luka Dončić
187.0,287.0,1,0,0.0,Luka Dončić
212.0,137.0,2,2,1.0,Luka Dončić
212.0,162.0,1,1,1.0,Luka Dončić
212.0,187.0,4,1,0.25,Luka Dončić
212.0,237.0,1,1,1.0,Luka Dončić
237.0,-13.0,2,1,0.5,Luka Dončić
237.0,12.0,2,2,1.0,Luka Dončić
237.0,37.0,1,0,0.0,Luka Dončić
237.0,62.0,3,0,0.0,Luka Dončić
237.0,87.0,1,0,0.0,Luka Dončić
237.0,112.0,1,1,1.0,Luka Dončić
-238.0,-38.0,1,1,1.0,Michael Jordan
-238.0,-13.0,1,0,0.0,Michael Jordan
-238.0,12.0,2,1,0.5,Michael Jordan
-238.0,37.0,3,1,0.3333,Michael Jordan
-238.0,62.0,5,2,0.4,Michael Jordan
-238.0,87.0,4,1,0.25,Michael Jordan
-238.0,112.0,2,1,0.5,Michael Jordan
-213.0,-38.0,1,0,0.0,Michael Jordan
-213.0,-13.0,3,1,0.3333,Michael Jordan
-213.0,12.0,7,3,0.4286,Michael Jordan
-213.0,37.0,3,2,0.6667,Michael Jordan
-213.0,62.0,6,6,1.0,Michael Jordan
-213.0,87.0,3,2,0.6667,Michael Jordan
-213.0,112.0,9,4,0.4444,Michael Jordan
-213.0,137.0,14,4,0.2857,Michael Jordan
-213.0,162.0,4,0,0.0,Michael Jordan
-213.0,262.0,1,0,0.0,Michael Jordan
-188.0,-38.0,14,8,0.5714,Michael Jordan
-188.0,-13.0,37,15,0.4054,Michael Jordan
-188.0,12.0,42,15,0.3571,Michael Jordan
-188.0,37.0,26,11,0.4231,Michael Jordan
-188.0,62.0,32,9,0.2812,Michael Jordan
-188.0,87.0,14,4,0.2857,Michael Jordan
-188.0,112.0,8,4,0.5,Michael Jordan
-188.0,137.0,17,7,0.4118,Michael Jordan
-188.0,162.0,25,8,0.32,Michael Jordan
-188.0,187.0,7,2,0.2857,Michael Jordan
-188.0,212.0,1,0,0.0,Michael Jordan
-188.0,337.0,1,0,0.0,Michael Jordan
-163.0,-38.0,20,10,0.5,Michael Jordan
-163.0,-13.0,67,37,0.5522,Michael Jordan
-163.0,12.0,67,31,0.4627,Michael Jordan
-163.0,37.0,71,27,0.3803,Michael Jordan
-163.0,62.0,69,34,0.4928,Michael Jordan
-163.0,87.0,60,32,0.5333,Michael Jordan
-163.0,112.0,36,15,0.4167,Michael Jordan
-163.0,137.0,21,8,0.381,Michael Jordan
-163.0,162.0,20,5,0.25,Michael Jordan
-163.0,187.0,21,5,0.2381,Michael Jordan
-163.0,212.0,5,2,0.4,Michael Jordan
-163.0,237.0,1,0,0.0,Michael Jordan
-138.0,-63.0,1,0,0.0,Michael Jordan
-138.0,-38.0,10,5,0.5,Michael Jordan
-138.0,-13.0,36,14,0.3889,Michael Jordan
-138.0,12.0,50,25,0.5,Michael Jordan
-138.0,37.0,51,21,0.4118,Michael Jordan
-138.0,62.0,68,32,0.4706,Michael Jordan
-138.0,87.0,71,33,0.4648,Michael Jordan
-138.0,112.0,57,21,0.3684,Michael Jordan
-138.0,137.0,46,20,0.4348,Michael Jordan
-138.0,162.0,16,7,0.4375,Michael Jordan
-138.0,187.0,11,5,0.4545,Michael Jordan
-138.0,212.0,14,4,0.2857,Michael Jordan
-138.0,237.0,5,2,0.4,Michael Jordan
-113.0,-38.0,8,2,0.25,Michael Jordan
-113.0,-13.0,17,4,0.2353,Michael Jordan
-113.0,12.0,35,14,0.4,Michael Jordan
-113.0,37.0,49,17,0.3469,Michael Jordan
-113.0,62.0,68,38,0.5588,Michael Jordan
-113.0,87.0,50,18,0.36,Michael Jordan
-113.0,112.0,62,32,0.5161,Michael Jordan
-113.0,137.0,65,30,0.4615,Michael Jordan
-113.0,162.0,36,15,0.4167,Michael Jordan
-113.0,187.0,11,3,0.2727,Michael Jordan
-113.0,212.0,13,4,0.3077,Michael Jordan
-113.0,237.0,2,1,0.5,Michael Jordan
-113.0,262.0,1,0,0.0,Michael Jordan
-113.0,387.0,1,0,0.0,Michael Jordan
-88.0,-38.0,2,1,0.5,Michael Jordan
-88.0,-13.0,1,1,1.0,Michael Jordan
-88.0,12.0,19,10,0.5263,Michael Jordan
-88.0,37.0,35,11,0.3143,Michael Jordan
-88.0,62.0,33,13,0.3939,Michael Jordan
-88.0,87.0,19,9,0.4737,Michael Jordan
-88.0,112.0,33,20,0.6061,Michael Jordan
-88.0,137.0,52,24,0.4615,Michael Jordan
-88.0,162.0,36,12,0.3333,Michael Jordan
-88.0,187.0,14,6,0.4286,Michael Jordan
-88.0,212.0,13,5,0.3846,Michael Jordan
-88.0,237.0,11,1,0.0909,Michael Jordan
-88.0,387.0,1,0,0.0,Michael Jordan
-63.0,-13.0,6,1,0.1667,Michael Jordan
-63.0,12.0,11,3,0.2727,Michael Jordan
-63.0,37.0,16,7,0.4375,Michael Jordan
-63.0,62.0,25,8,0.32,Michael Jordan
-63.0,87.0,24,9,0.375,Michael Jordan
-63.0,112.0,29,10,0.3448,Michael Jordan
-63.0,137.0,29,12,0.4138,Michael Jordan
-63.0,162.0,28,14,0.5,Michael Jordan
-63.0,187.0,17,7,0.4118,Michael Jordan
-63.0,212.0,7,4,0.5714,Michael Jordan
-63.0,237.0,7,1,0.1429,Michael Jordan
-63.0,262.0,3,1,0.3333,Michael Jordan
-63.0,312.0,1,0,0.0,Michael Jordan
-63.0,387.0,1,0,0.0,Michael Jordan
-38.0,-38.0,1,1,1.0,Michael Jordan
-38.0,-13.0,11,1,0.0909,Michael Jordan
-38.0,12.0,18,6,0.3333,Michael Jordan
-38.0,37.0,9,5,0.5556,Michael Jordan
-38.0,62.0,13,4,0.3077,Michael Jordan
-38.0,87.0,24,11,0.4583,Michael Jordan
-38.0,112.0,16,9,0.5625,Michael Jordan
-38.0,137.0,16,8,0.5,Michael Jordan
-38.0,162.0,17,9,0.5294,Michael Jordan
-38.0,187.0,15,5,0.3333,Michael Jordan
-38.0,212.0,2,2,1.0,Michael Jordan
-38.0,237.0,12,3,0.25,Michael Jordan
-38.0,262.0,5,2,0.4,Michael Jordan
-13.0,-13.0,24,17,0.7083,Michael Jordan
-13.0,12.0,84,55,0.6548,Michael Jordan
-13.0,37.0,16,7,0.4375,Michael Jordan
-13.0,62.0,29,12,0.4138,Michael Jordan
-13.0,87.0,39,15,0.3846,Michael Jordan
-13.0,112.0,31,17,0.5484,Michael Jordan
-13.0,137.0,36,18,0.5,Michael Jordan
-13.0,162.0,46,19,0.413,Michael Jordan
-13.0,187.0,30,13,0.4333,Michael Jordan
-13.0,212.0,20,8,0.4,Michael Jordan
-13.0,237.0,15,9,0.6,Michael Jordan
-13.0,262.0,5,2,0.4,Michael Jordan
-13.0,362.0,1,0,0.0,Michael Jordan
12.0,-13.0,44,32,0.7273,Michael Jordan
12.0,12.0,1017,585,0.5752,Michael Jordan
12.0,37.0,26,11,0.4231,Michael Jordan
12.0,62.0,43,15,0.3488,Michael Jordan
12.0,87.0,22,11,0.5,Michael Jordan
12.0,112.0,30,15,0.5,Michael Jordan
12.0,137.0,50,21,0.42,Michael Jordan
12.0,162.0,49,20,0.4082,Michael Jordan
12.0,187.0,36,20,0.5556,Michael Jordan
12.0,212.0,20,11,0.55,Michael Jordan
12.0,237.0,23,8,0.3478,Michael Jordan
12.0,262.0,6,1,0.1667,Michael Jordan
12.0,287.0,1,0,0.0,Michael Jordan
37.0,-13.0,9,2,0.2222,Michael Jordan
37.0,12.0,32,18,0.5625,Michael Jordan
37.0,37.0,24,7,0.2917,Michael Jordan
37.0,62.0,17,7,0.4118,Michael Jordan
37.0,87.0,20,6,0.3,Michael Jordan
37.0,112.0,16,6,0.375,Michael Jordan
37.0,137.0,19,4,0.2105,Michael Jordan
37.0,162.0,22,5,0.2273,Michael Jordan
37.0,187.0,18,5,0.2778,Michael Jordan
37.0,212.0,8,4,0.5,Michael Jordan
37.0,237.0,9,4,0.4444,Michael Jordan
37.0,262.0,3,0,0.0,Michael Jordan
62.0,-13.0,4,0,0.0,Michael Jordan
62.0,12.0,26,12,0.4615,Michael Jordan
62.0,37.0,20,5,0.25,Michael Jordan
62.0,62.0,24,9,0.375,Michael Jordan
62.0,87.0,19,9,0.4737,Michael Jordan
62.0,112.0,31,17,0.5484,Michael Jordan
62.0,137.0,35,12,0.3429,Michael Jordan
62.0,162.0,34,15,0.4412,Michael Jordan
62.0,187.0,15,4,0.2667,Michael Jordan
62.0,212.0,10,3,0.3,Michael Jordan
62.0,237.0,10,4,0.4,Michael Jordan
62.0,262.0,2,0,0.0,Michael Jordan
62.0,387.0,1,0,0.0,Michael Jordan
87.0,-38.0,1,1,1.0,Michael Jordan
87.0,-13.0,26,14,0.5385,Michael Jordan
87.0,12.0,39,23,0.5897,Michael Jordan
87.0,37.0,39,12,0.3077,Michael Jordan
87.0,62.0,40,20,0.5,Michael Jordan
87.0,87.0,41,20,0.4878,Michael Jordan
87.0,112.0,54,29,0.537,Michael Jordan
87.0,137.0,58,23,0.3966,Michael Jordan
87.0,162.0,48,21,0.4375,Michael Jordan
87.0,187.0,27,8,0.2963,Michael Jordan
87.0,212.0,11,7,0.6364,Michael Jordan
87.0,237.0,11,2,0.1818,Michael Jordan
87.0,262.0,1,0,0.0,Michael Jordan
112.0,-38.0,2,2,1.0,Michael Jordan
112.0,-13.0,35,11,0.3143,Michael Jordan
112.0,12.0,54,26,0.4815,Michael Jordan
112.0,37.0,67,23,0.3433,Michael Jordan
112.0,62.0,68,29,0.4265,Michael Jordan
112.0,87.0,59,33,0.5593,Michael Jordan
112.0,112.0,85,46,0.5412,Michael Jordan
112.0,137.0,79,29,0.3671,Michael Jordan
112.0,162.0,39,17,0.4359,Michael Jordan
112.0,187.0,10,5,0.5,Michael Jordan
112.0,212.0,17,4,0.2353,Michael Jordan
112.0,237.0,9,3,0.3333,Michael Jordan
112.0,262.0,2,0,0.0,Michael Jordan
112.0,387.0,1,0,0.0,Michael Jordan
137.0,-38.0,18,13,0.7222,Michael Jordan
137.0,-13.0,73,34,0.4658,Michael Jordan
137.0,12.0,106,54,0.5094,Michael Jordan
137.0,37.0,78,33,0.4231,Michael Jordan
137.0,62.0,80,33,0.4125,Michael Jordan
137.0,87.0,76,31,0.4079,Michael Jordan
137.0,112.0,55,21,0.3818,Michael Jordan
137.0,137.0,47,23,0.4894,Michael Jordan
137.0,162.0,22,11,0.5,Michael Jordan
137.0,187.0,18,7,0.3889,Michael Jordan
137.0,212.0,15,5,0.3333,Michael Jordan
137.0,237.0,2,0,0.0,Michael Jordan
137.0,262.0,1,0,0.0,Michael Jordan
137.0,437.0,1,0,0.0,Michael Jordan
162.0,-38.0,27,14,0.5185,Michael Jordan
162.0,-13.0,67,26,0.3881,Michael Jordan
162.0,12.0,81,46,0.5679,Michael Jordan
162.0,37.0,63,31,0.4921,Michael Jordan
162.0,62.0,57,25,0.4386,Michael Jordan
162.0,87.0,50,24,0.48,Michael Jordan
162.0,112.0,37,18,0.4865,Michael Jordan
162.0,137.0,17,11,0.6471,Michael Jordan
162.0,162.0,15,5,0.3333,Michael Jordan
162.0,187.0,10,0,0.0,Michael Jordan
162.0,212.0,6,2,0.3333,Michael Jordan
162.0,287.0,1,0,0.0,Michael Jordan
187.0,-38.0,29,12,0.4138,Michael Jordan
187.0,-13.0,38,14,0.3684,Michael Jordan
187.0,12.0,40,17,0.425,Michael Jordan
187.0,37.0,26,11,0.4231,Michael Jordan
187.0,62.0,25,9,0.36,Michael Jordan
187.0,87.0,11,7,0.6364,Michael Jordan
187.0,112.0,13,6,0.4615,Michael Jordan
187.0,137.0,11,4,0.3636,Michael Jordan
187.0,162.0,12,4,0.3333,Michael Jordan
187.0,187.0,3,1,0.3333,Michael Jordan
187.0,212.0,2,0,0.0,Michael Jordan
187.0,312.0,1,0,0.0,Michael Jordan
187.0,362.0,1,0,0.0,Michael Jordan
187.0,412.0,1,0,0.0,Michael Jordan
212.0,-38.0,1,1,1.0,Michael Jordan
212.0,-13.0,5,1,0.2,Michael Jordan
212.0,12.0,6,5,0.8333,Michael Jordan
212.0,37.0,8,3,0.375,Michael Jordan
212.0,62.0,4,1,0.25,Michael Jordan
212.0,87.0,9,4,0.4444,Michael Jordan
212.0,112.0,10,4,0.4,Michael Jordan
212.0,137.0,7,2,0.2857,Michael Jordan
212.0,162.0,4,1,0.25,Michael Jordan
212.0,212.0,1,0,0.0,Michael Jordan
212.0,312.0,1,0,0.0,Michael Jordan
212.0,387.0,1,1,1.0,Michael Jordan
237.0,-38.0,3,2,0.6667,Michael Jordan
237.0,-13.0,3,0,0.0,Michael Jordan
237.0,12.0,3,2,0.6667,Michael Jordan
237.0,37.0,1,1,1.0,Michael Jordan
237.0,62.0,1,1,1.0,Michael Jordan
237.0,112.0,1,1,1.0,Michael Jordan
-238.0,12.0,2,0,0.0,Nikola Jokić
-238.0,37.0,3,2,0.6667,Nikola Jokić
-238.0,87.0,1,0,0.0,Nikola Jokić
-238.0,112.0,1,1,1.0,Nikola Jokić
-213.0,87.0,2,0,0.0,Nikola Jokić
-213.0,137.0,1,1,1.0,Nikola Jokić
-213.0,162.0,2,0,0.0,Nikola Jokić
-213.0,237.0,1,0,0.0,Nikola Jokić
-188.0,162.0,4,2,0.5,Nikola Jokić
-188.0,187.0,3,1,0.3333,Nikola Jokić
-188.0,212.0,1,0,0.0,Nikola Jokić
-163.0,137.0,2,1,0.5,Nikola Jokić
-163.0,187.0,4,2,0.5,Nikola Jokić
-138.0,37.0,2,1,0.5,Nikola Jokić
-138.0,62.0,2,2,1.0,Nikola Jokić
-138.0,112.0,2,2,1.0,Nikola Jokić
-138.0,212.0,4,1,0.25,Nikola Jokić
-138.0,237.0,1,1,1.0,Nikola Jokić
-113.0,12.0,2,0,0.0,Nikola Jokić
-113.0,37.0,1,1,1.0,Nikola Jokić
-113.0,62.0,3,2,0.6667,Nikola Jokić
-113.0,87.0,2,0,0.0,Nikola Jokić
-113.0,112.0,2,1,0.5,Nikola Jokić
-113.0,137.0,1,0,0.0,Nikola Jokić
-113.0,162.0,1,0,0.0,Nikola Jokić
-113.0,212.0,3,1,0.3333,Nikola Jokić
-113.0,237.0,7,5,0.7143,Nikola Jokić
-113.0,337.0,1,0,0.0,Nikola Jokić
-88.0,12.0,3,2,0.6667,Nikola Jokić
-88.0,37.0,1,0,0.0,Nikola Jokić
-88.0,62.0,1,0,0.0,Nikola Jokić
-88.0,112.0,1,1,1.0,Nikola Jokić
-88.0,212.0,2,0,0.0,Nikola Jokić
-88.0,237.0,13,5,0.3846,Nikola Jokić
-63.0,12.0,3,2,0.6667,Nikola Jokić
-63.0,37.0,2,2,1.0,Nikola Jokić
-63.0,62.0,3,2,0.6667,Nikola Jokić
-63.0,212.0,2,1,0.5,Nikola Jokić
-63.0,237.0,4,4,1.0,Nikola Jokić
-63.0,262.0,6,1,0.1667,Nikola Jokić
-63.0,312.0,1,0,0.0,Nikola Jokić
-38.0,-13.0,1,0,0.0,Nikola Jokić
-38.0,12.0,5,5,1.0,Nikola Jokić
-38.0,37.0,13,9,0.6923,Nikola Jokić
-38.0,62.0,10,7,0.7,Nikola Jokić
-38.0,87.0,3,2,0.6667,Nikola Jokić
-38.0,112.0,2,2,1.0,Nikola Jokić
-38.0,137.0,1,1,1.0,Nikola Jokić
-38.0,162.0,1,1,1.0,Nikola Jokić
-38.0,187.0,1,1,1.0,Nikola Jokić
-38.0,212.0,1,1,1.0,Nikola Jokić
-38.0,237.0,1,1,1.0,Nikola Jokić
-38.0,262.0,5,2,0.4,Nikola Jokić
-13.0,-13.0,6,5,0.8333,Nikola Jokić
-13.0,12.0,44,36,0.8182,Nikola Jokić
-13.0,37.0,29,19,0.6552,Nikola Jokić
-13.0,62.0,24,17,0.7083,Nikola Jokić
-13.0,87.0,15,8,0.5333,Nikola Jokić
-13.0,112.0,2,2,1.0,Nikola Jokić
-13.0,137.0,3,1,0.3333,Nikola Jokić
-13.0,162.0,4,3,0.75,Nikola Jokić
-13.0,187.0,3,3,1.0,Nikola Jokić
-13.0,212.0,1,0,0.0,Nikola Jokić
-13.0,237.0,1,0,0.0,Nikola Jokić
-13.0,262.0,13,2,0.1538,Nikola Jokić
-13.0,287.0,1,0,0.0,Nikola Jokić
12.0,-13.0,7,6,0.8571,Nikola Jokić
12.0,12.0,94,66,0.7021,Nikola Jokić
12.0,37.0,38,27,0.7105,Nikola Jokić
12.0,62.0,29,14,0.4828,Nikola Jokić
12.0,87.0,11,6,0.5455,Nikola Jokić
12.0,112.0,13,9,0.6923,Nikola Jokić
12.0,137.0,1,1,1.0,Nikola Jokić
12.0,162.0,6,4,0.6667,Nikola Jokić
12.0,237.0,4,1,0.25,Nikola Jokić
12.0,262.0,18,8,0.4444,Nikola Jokić
12.0,287.0,2,1,0.5,Nikola Jokić
12.0,387.0,1,1,1.0,Nikola Jokić
37.0,-13.0,2,2,1.0,Nikola Jokić
37.0,12.0,23,15,0.6522,Nikola Jokić
37.0,37.0,16,11,0.6875,Nikola Jokić
37.0,62.0,13,6,0.4615,Nikola Jokić
37.0,112.0,3,1,0.3333,Nikola Jokić
37.0,137.0,3,1,0.3333,Nikola Jokić
37.0,162.0,1,1,1.0,Nikola Jokić
37.0,237.0,3,2,0.6667,Nikola Jokić
37.0,262.0,12,6,0.5,Nikola Jokić
37.0,287.0,2,1,0.5,Nikola Jokić
62.0,12.0,8,3,0.375,Nikola Jokić
62.0,37.0,8,7,0.875,Nikola Jokić
62.0,62.0,11,4,0.3636,Nikola Jokić
62.0,87.0,2,2,1.0,Nikola Jokić
62.0,112.0,3,1,0.3333,Nikola Jokić
62.0,137.0,1,0,0.0,Nikola Jokić
62.0,212.0,1,0,0.0,Nikola Jokić
62.0,237.0,5,3,0.6,Nikola Jokić
62.0,262.0,10,4,0.4,Nikola Jokić
62.0,287.0,1,1,1.0,Nikola Jokić
62.0,312.0,1,1,1.0,Nikola Jokić
87.0,12.0,1,0,0.0,Nikola Jokić
87.0,37.0,3,1,0.3333,Nikola Jokić
87.0,87.0,1,0,0.0,Nikola Jokić
87.0,112.0,1,1,1.0,Nikola Jokić
87.0,162.0,1,1,1.0,Nikola Jokić
87.0,237.0,8,2,0.25,Nikola Jokić
112.0,12.0,2,1,0.5,Nikola Jokić
112.0,62.0,2,0,0.0,Nikola Jokić
112.0,87.0,2,1,0.5,Nikola Jokić
112.0,137.0,1,0,0.0,Nikola Jokić
112.0,162.0,1,1,1.0,Nikola Jokić
112.0,187.0,1,0,0.0,Nikola Jokić
112.0,212.0,2,1,0.5,Nikola Jokić
112.0,237.0,10,5,0.5,Nikola Jokić
112.0,287.0,1,0,0.0,Nikola Jokić
137.0,37.0,2,0,0.0,Nikola Jokić
137.0,112.0,3,2,0.6667,Nikola Jokić
137.0,212.0,9,4,0.4444,Nikola Jokić
137.0,237.0,2,0,0.0,Nikola Jokić
137.0,262.0,1,0,0.0,Nikola Jokić
162.0,12.0,1,0,0.0,Nikola Jokić
162.0,37.0,1,1,1.0,Nikola Jokić
162.0,62.0,2,1,0.5,Nikola Jokić
162.0,162.0,1,1,1.0,Nikola Jokić
162.0,187.0,5,3,0.6,Nikola Jokić
162.0,212.0,4,3,0.75,Nikola Jokić
187.0,162.0,1,0,0.0,Nikola Jokić
187.0,187.0,1,0,0.0,Nikola Jokić
212.0,12.0,1,1,1.0,Nikola Jokić
212.0,137.0,2,0,0.0,Nikola Jokić
212.0,162.0,1,0,0.0,Nikola Jokić
237.0,12.0,1,1,1.0,Nikola Jokić
237.0,37.0,1,0,0.0,Nikola Jokić
237.0,62.0,2,1,0.5,Nikola Jokić
-238.0,-13.0,5,4,0.8,Stephen Curry
-238.0,12.0,3,2,0.6667,Stephen Curry
-238.0,37.0,4,3,0.75,Stephen Curry
-238.0,62.0,4,0,0.0,Stephen Curry
-238.0,87.0,1,0,0.0,Stephen Curry
-238.0,112.0,3,1,0.3333,Stephen Curry
-213.0,-13.0,3,1,0.3333,Stephen Curry
-213.0,12.0,2,0,0.0,Stephen Curry
-213.0,62.0,1,1,1.0,Stephen Curry
-213.0,112.0,3,1,0.3333,Stephen Curry
-213.0,137.0,4,1,0.25,Stephen Curry
-213.0,162.0,6,0,0.0,Stephen Curry
-213.0,212.0,1,1,1.0,Stephen Curry
-213.0,262.0,1,1,1.0,Stephen Curry
-213.0,287.0,1,0,0.0,Stephen Curry
-188.0,-38.0,1,0,0.0,Stephen Curry
-188.0,37.0,1,1,1.0,Stephen Curry
-188.0,137.0,2,1,0.5,Stephen Curry
-188.0,162.0,8,5,0.625,Stephen Curry
-188.0,187.0,15,4,0.2667,Stephen Curry
-188.0,212.0,3,0,0.0,Stephen Curry
-188.0,237.0,4,1,0.25,Stephen Curry
-188.0,262.0,1,0,0.0,Stephen Curry
-188.0,287.0,1,1,1.0,Stephen Curry
-163.0,12.0,1,1,1.0,Stephen Curry
-163.0,87.0,1,1,1.0,Stephen Curry
-163.0,137.0,3,0,0.0,Stephen Curry
-163.0,162.0,1,0,0.0,Stephen Curry
-163.0,187.0,4,0,0.0,Stephen Curry
-163.0,212.0,16,11,0.6875,Stephen Curry
-163.0,237.0,3,2,0.6667,Stephen Curry
-163.0,262.0,3,0,0.0,Stephen Curry
-163.0,287.0,2,1,0.5,Stephen Curry
-138.0,-13.0,1,1,1.0,Stephen Curry
-138.0,12.0,1,1,1.0,Stephen Curry
-138.0,37.0,1,0,0.0,Stephen Curry
-138.0,62.0,1,1,1.0,Stephen Curry
-138.0,87.0,3,1,0.3333,Stephen Curry
-138.0,112.0,1,1,1.0,Stephen Curry
-138.0,137.0,3,2,0.6667,Stephen Curry
-138.0,162.0,1,0,0.0,Stephen Curry
-138.0,187.0,1,1,1.0,Stephen Curry
-138.0,212.0,10,3,0.3,Stephen Curry
-138.0,237.0,9,3,0.3333,Stephen Curry
-138.0,262.0,4,1,0.25,Stephen Curry
-138.0,287.0,1,0,0.0,Stephen Curry
-113.0,12.0,1,1,1.0,Stephen Curry
-113.0,37.0,1,1,1.0,Stephen Curry
-113.0,62.0,2,0,0.0,Stephen Curry
-113.0,87.0,3,2,0.6667,Stephen Curry
-113.0,137.0,3,2,0.6667,Stephen Curry
-113.0,162.0,2,0,0.0,Stephen Curry
-113.0,187.0,1,1,1.0,Stephen Curry
-113.0,212.0,3,2,0.6667,Stephen Curry
-113.0,237.0,2,1,0.5,Stephen Curry
-113.0,262.0,3,1,0.3333,Stephen Curry
-113.0,287.0,1,0,0.0,Stephen Curry
-88.0,37.0,1,1,1.0,Stephen Curry
-88.0,62.0,1,0,0.0,Stephen Curry
-88.0,237.0,10,3,0.3,Stephen Curry
-88.0,262.0,10,7,0.7,Stephen Curry
-88.0,287.0,2,0,0.0,Stephen Curry
-88.0,312.0,2,1,0.5,Stephen Curry
-88.0,337.0,1,0,0.0,Stephen Curry
-63.0,12.0,2,1,0.5,Stephen Curry
-63.0,37.0,1,1,1.0,Stephen Curry
-63.0,62.0,1,0,0.0,Stephen Curry
-63.0,112.0,1,1,1.0,Stephen Curry
-63.0,137.0,1,0,0.0,Stephen Curry
-63.0,212.0,1,0,0.0,Stephen Curry
-63.0,237.0,1,0,0.0,Stephen Curry
-63.0,262.0,10,4,0.4,Stephen Curry
-63.0,287.0,2,1,0.5,Stephen Curry
-38.0,-13.0,2,2,1.0,Stephen Curry
-38.0,12.0,16,9,0.5625,Stephen Curry
-38.0,37.0,7,4,0.5714,Stephen Curry
-38.0,62.0,2,0,0.0,Stephen Curry
-38.0,87.0,1,1,1.0,Stephen Curry
-38.0,137.0,2,1,0.5,Stephen Curry
-38.0,237.0,5,2,0.4,Stephen Curry
-38.0,262.0,5,0,0.0,Stephen Curry
-38.0,287.0,3,1,0.3333,Stephen Curry
-13.0,-13.0,3,2,0.6667,Stephen Curry
-13.0,12.0,25,19,0.76,Stephen Curry
-13.0,37.0,10,7,0.7,Stephen Curry
-13.0,62.0,2,2,1.0,Stephen Curry
-13.0,87.0,1,1,1.0,Stephen Curry
-13.0,112.0,1,1,1.0,Stephen Curry
-13.0,162.0,1,0,0.0,Stephen Curry
-13.0,237.0,1,1,1.0,Stephen Curry
-13.0,262.0,12,6,0.5,Stephen Curry
-13.0,287.0,7,3,0.4286,Stephen Curry
-13.0,312.0,1,0,0.0,Stephen Curry
-13.0,337.0,1,0,0.0,Stephen Curry
12.0,-13.0,2,2,1.0,Stephen Curry
12.0,12.0,40,26,0.65,Stephen Curry
12.0,37.0,19,12,0.6316,Stephen Curry
12.0,62.0,8,5,0.625,Stephen Curry
12.0,87.0,2,0,0.0,Stephen Curry
12.0,112.0,3,1,0.3333,Stephen Curry
12.0,162.0,1,1,1.0,Stephen Curry
12.0,187.0,1,0,0.0,Stephen Curry
12.0,212.0,2,1,0.5,Stephen Curry
12.0,237.0,3,1,0.3333,Stephen Curry
12.0,262.0,13,7,0.5385,Stephen Curry
12.0,287.0,10,3,0.3,Stephen Curry
12.0,312.0,2,0,0.0,Stephen Curry
12.0,337.0,2,1,0.5,Stephen Curry
37.0,12.0,18,12,0.6667,Stephen Curry
37.0,37.0,12,7,0.5833,Stephen Curry
37.0,62.0,6,2,0.3333,Stephen Curry
37.0,87.0,1,0,0.0,Stephen Curry
37.0,112.0,2,0,0.0,Stephen Curry
37.0,162.0,2,2,1.0,Stephen Curry
37.0,187.0,1,1,1.0,Stephen Curry
37.0,237.0,1,0,0.0,Stephen Curry
37.0,262.0,14,5,0.3571,Stephen Curry
37.0,287.0,3,2,0.6667,Stephen Curry
37.0,387.0,1,0,0.0,Stephen Curry
62.0,12.0,2,1,0.5,Stephen Curry
62.0,37.0,4,4,1.0,Stephen Curry
62.0,62.0,3,1,0.3333,Stephen Curry
62.0,87.0,3,2,0.6667,Stephen Curry
62.0,112.0,1,0,0.0,Stephen Curry
62.0,137.0,2,1,0.5,Stephen Curry
62.0,162.0,1,0,0.0,Stephen Curry
62.0,187.0,3,2,0.6667,Stephen Curry
62.0,212.0,1,0,0.0,Stephen Curry
62.0,237.0,1,1,1.0,Stephen Curry
62.0,262.0,8,1,0.125,Stephen Curry
62.0,287.0,7,6,0.8571,Stephen Curry
62.0,362.0,1,1,1.0,Stephen Curry
87.0,37.0,3,2,0.6667,Stephen Curry
87.0,62.0,5,2,0.4,Stephen Curry
87.0,87.0,4,1,0.25,Stephen Curry
87.0,112.0,1,0,0.0,Stephen Curry
87.0,187.0,2,1,0.5,Stephen Curry
87.0,237.0,7,2,0.2857,Stephen Curry
87.0,262.0,7,4,0.5714,Stephen Curry
87.0,287.0,4,0,0.0,Stephen Curry
112.0,37.0,1,1,1.0,Stephen Curry
112.0,62.0,3,2,0.6667,Stephen Curry
112.0,87.0,2,1,0.5,Stephen Curry
112.0,112.0,1,0,0.0,Stephen Curry
112.0,162.0,1,1,1.0,Stephen Curry
112.0,212.0,3,1,0.3333,Stephen Curry
112.0,237.0,8,2,0.25,Stephen Curry
112.0,262.0,9,3,0.3333,Stephen Curry
112.0,287.0,1,1,1.0,Stephen Curry
112.0,337.0,1,1,1.0,Stephen Curry
137.0,-13.0,1,0,0.0,Stephen Curry
137.0,12.0,1,0,0.0,Stephen Curry
137.0,87.0,1,0,0.0,Stephen Curry
137.0,112.0,2,2,1.0,Stephen Curry
137.0,137.0,1,0,0.0,Stephen Curry
137.0,162.0,1,0,0.0,Stephen Curry
137.0,212.0,6,4,0.6667,Stephen Curry
137.0,237.0,14,4,0.2857,Stephen Curry
137.0,262.0,5,0,0.0,Stephen Curry
162.0,-38.0,1,1,1.0,Stephen Curry
162.0,-13.0,1,1,1.0,Stephen Curry
162.0,12.0,1,0,0.0,Stephen Curry
162.0,62.0,1,1,1.0,Stephen Curry
162.0,112.0,1,1,1.0,Stephen Curry
162.0,187.0,8,2,0.25,Stephen Curry
162.0,212.0,20,9,0.45,Stephen Curry
162.0,237.0,13,4,0.3077,Stephen Curry
162.0,262.0,6,1,0.1667,Stephen Curry
162.0,287.0,2,1,0.5,Stephen Curry
187.0,62.0,1,0,0.0,Stephen Curry
187.0,112.0,1,1,1.0,Stephen Curry
187.0,162.0,3,3,1.0,Stephen Curry
187.0,187.0,15,6,0.4,Stephen Curry
187.0,212.0,6,3,0.5,Stephen Curry
187.0,237.0,2,0,0.0,Stephen Curry
187.0,262.0,2,0,0.0,Stephen Curry
187.0,287.0,1,1,1.0,Stephen Curry
212.0,62.0,1,0,0.0,Stephen Curry
212.0,137.0,4,3,0.75,Stephen Curry
212.0,162.0,7,3,0.4286,Stephen Curry
212.0,187.0,2,0,0.0,Stephen Curry
212.0,212.0,3,1,0.3333,Stephen Curry
237.0,-13.0,1,1,1.0,Stephen Curry
237.0,12.0,3,1,0.3333,Stephen Curry
237.0,37.0,2,1,0.5,Stephen Curry
237.0,62.0,3,3,1.0,Stephen Curry
237.0,87.0,2,0,0.0,Stephen Curry
237.0,112.0,2,0,0.0,Stephen Curry
237.0,137.0,2,1,0.5,Stephen Curry
