SHOT_ZONE_BASIC,SHOT_ZONE_AREA,FGA,FGM,FG_PCT,PLAYER
Above the Break 3,Back Court(BC),6,0,0.0,Allen Iverson
Above the Break 3,Center(C),451,131,0.2905,Allen Iverson
Above the Break 3,Left Side Center(LC),1594,494,0.3099,Allen Iverson
Above the Break 3,Right Side Center(RC),740,208,0.2811,Allen Iverson
Backcourt,Back Court(BC),11,1,0.0909,Allen Iverson
In The Paint (Non-RA),Center(C),2201,777,0.353,Allen Iverson
In The Paint (Non-RA),Left Side(L),285,115,0.4035,Allen Iverson
In The Paint (Non-RA),Right Side(R),189,72,0.381,Allen Iverson
Left Corner 3,Left Side(L),335,129,0.3851,Allen Iverson
Mid-Range,Center(C),866,339,0.3915,Allen Iverson
Mid-Range,Left Side Center(LC),1073,420,0.3914,Allen Iverson
Mid-Range,Left Side(L),3144,1232,0.3919,Allen Iverson
Mid-Range,Right Side Center(RC),854,347,0.4063,Allen Iverson
Mid-Range,Right Side(R),2049,773,0.3773,Allen Iverson
Restricted Area,Center(C),6006,3390,0.5644,Allen Iverson
Right Corner 3,Right Side(R),102,39,0.3824,Allen Iverson
Above the Break 3,Back Court(BC),3,0,0.0,Dirk Nowitzki
Above the Break 3,Center(C),1512,593,0.3922,Dirk Nowitzki
Above the Break 3,Left Side Center(LC),1178,424,0.3599,Dirk Nowitzki
Above the Break 3,Right Side Center(RC),1657,629,0.3796,Dirk Nowitzki
Backcourt,Back Court(BC),17,0,0.0,Dirk Nowitzki
In The Paint (Non-RA),Center(C),1996,858,0.4299,Dirk Nowitzki
In The Paint (Non-RA),Left Side(L),244,116,0.4754,Dirk Nowitzki
In The Paint (Non-RA),Right Side(R),335,161,0.4806,Dirk Nowitzki
Left Corner 3,Left Side(L),175,70,0.4,Dirk Nowitzki
Mid-Range,Center(C),1792,841,0.4693,Dirk Nowitzki
Mid-Range,Left Side Center(LC),1303,601,0.4612,Dirk Nowitzki
Mid-Range,Left Side(L),2821,1289,0.4569,Dirk Nowitzki
Mid-Range,Right Side Center(RC),1807,867,0.4798,Dirk Nowitzki
Mid-Range,Right Side(R),3657,1721,0.4706,Dirk Nowitzki
Restricted Area,Center(C),3280,2095,0.6387,Dirk Nowitzki
Right Corner 3,Right Side(R),393,153,0.3893,Dirk Nowitzki
Above the Break 3,Center(C),134,53,0.3955,James Harden
Above the Break 3,Left Side Center(LC),104,40,0.3846,James Harden
Above the Break 3,Right Side Center(RC),162,54,0.3333,James Harden
In The Paint (Non-RA),Center(C),169,64,0.3787,James Harden
In The Paint (Non-RA),Left Side(L),10,7,0.7,James Harden
In The Paint (Non-RA),Right Side(R),7,3,0.4286,James Harden
Left Corner 3,Left Side(L),6,1,0.1667,James Harden
Mid-Range,Center(C),20,8,0.4,James Harden
Mid-Range,Left Side Center(LC),6,3,0.5,James Harden
Mid-Range,Left Side(L),10,4,0.4,James Harden
Mid-Range,Right Side Center(RC),11,1,0.0909,James Harden
Mid-Range,Right Side(R),23,11,0.4783,James Harden
Restricted Area,Center(C),161,106,0.6584,James Harden
Right Corner 3,Right Side(R),17,3,0.1765,James Harden
Above the Break 3,Center(C),97,43,0.4433,Kevin Durant
Above the Break 3,Left Side Center(LC),83,32,0.3855,Kevin Durant
Above the Break 3,Right Side Center(RC),97,34,0.3505,Kevin Durant
In The Paint (Non-RA),Center(C),211,120,0.5687,Kevin Durant
In The Paint (Non-RA),Left Side(L),33,16,0.4848,Kevin Durant
In The Paint (Non-RA),Right Side(R),23,15,0.6522,Kevin Durant
Left Corner 3,Left Side(L),9,4,0.4444,Kevin Durant
Mid-Range,Center(C),63,34,0.5397,Kevin Durant
Mid-Range,Left Side Center(LC),41,23,0.561,Kevin Durant
Mid-Range,Left Side(L),61,30,0.4918,Kevin Durant
Mid-Range,Right Side Center(RC),54,23,0.4259,Kevin Durant
Mid-Range,Right Side(R),76,37,0.4868,Kevin Durant
Restricted Area,Center(C),83,59,0.7108,Kevin Durant
Right Corner 3,Right Side(R),22,13,0.5909,Kevin Durant
Above the Break 3,Back Court(BC),12,0,0.0,Kobe Bryant
Above the Break 3,Center(C),905,297,0.3282,Kobe Bryant
Above the Break 3,Left Side Center(LC),1896,603,0.318,Kobe Bryant
Above the Break 3,Right Side Center(RC),2036,702,0.3448,Kobe Bryant
Backcourt,Back Court(BC),55,1,0.0182,Kobe Bryant
In The Paint (Non-RA),Center(C),3093,1405,0.4543,Kobe Bryant
In The Paint (Non-RA),Left Side(L),314,127,0.4045,Kobe Bryant
In The Paint (Non-RA),Right Side(R),410,188,0.4585,Kobe Bryant
Left Corner 3,Left Side(L),244,86,0.3525,Kobe Bryant
Mid-Range,Center(C),1273,532,0.4179,Kobe Bryant
Mid-Range,Left Side Center(LC),1579,645,0.4085,Kobe Bryant
Mid-Range,Left Side(L),2618,1050,0.4011,Kobe Bryant
Mid-Range,Right Side Center(RC),2108,867,0.4113,Kobe Bryant
Mid-Range,Right Side(R),3193,1282,0.4015,Kobe Bryant
Restricted Area,Center(C),6125,3822,0.624,Kobe Bryant
Right Corner 3,Right Side(R),337,110,0.3264,Kobe Bryant
Above the Break 3,Center(C),29,10,0.3448,LeBron James
Above the Break 3,Left Side Center(LC),67,24,0.3582,LeBron James
Above the Break 3,Right Side Center(RC),46,13,0.2826,LeBron James
In The Paint (Non-RA),Center(C),104,45,0.4327,LeBron James
In The Paint (Non-RA),Left Side(L),12,6,0.5,LeBron James
In The Paint (Non-RA),Right Side(R),5,2,0.4,LeBron James
Left Corner 3,Left Side(L),20,3,0.15,LeBron James
Mid-Range,Center(C),20,9,0.45,LeBron James
Mid-Range,Left Side Center(LC),15,4,0.2667,LeBron James
Mid-Range,Left Side(L),39,16,0.4103,LeBron James
Mid-Range,Right Side Center(RC),8,3,0.375,LeBron James
Mid-Range,Right Side(R),22,8,0.3636,LeBron James
Restricted Area,Center(C),222,163,0.7342,LeBron James
Right Corner 3,Right Side(R),13,3,0.2308,LeBron James
Above the Break 3,Center(C),117,47,0.4017,Luka Dončić
Above the Break 3,Left Side Center(LC),194,68,0.3505,Luka Dončić
Above the Break 3,Right Side Center(RC),116,40,0.3448,Luka Dončić
In The Paint (Non-RA),Center(C),196,104,0.5306,Luka Dončić
In The Paint (Non-RA),Left Side(L),19,11,0.5789,Luka Dončić
In The Paint (Non-RA),Right Side(R),28,16,0.5714,Luka Dončić
Left Corner 3,Left Side(L),17,3,0.1765,Luka Dončić
Mid-Range,Center(C),37,15,0.4054,Luka Dončić
Mid-Range,Left Side Center(LC),24,7,0.2917,Luka Dončić
Mid-Range,Left Side(L),51,26,0.5098,Luka Dončić
Mid-Range,Right Side Center(RC),17,8,0.4706,Luka Dončić
Mid-Range,Right Side(R),32,17,0.5312,Luka Dončić
Restricted Area,Center(C),113,92,0.8142,Luka Dončić
Right Corner 3,Right Side(R),9,3,0.3333,Luka Dončić
Above the Break 3,Back Court(BC),2,0,0.0,Michael Jordan
Above the Break 3,Center(C),74,18,0.2432,Michael Jordan
Above the Break 3,Left Side Center(LC),140,38,0.2714,Michael Jordan
Above the Break 3,Right Side Center(RC),114,29,0.2544,Michael Jordan
Backcourt,Back Court(BC),1,0,0.0,Michael Jordan
In The Paint (Non-RA),Center(C),588,246,0.4184,Michael Jordan
In The Paint (Non-RA),Left Side(L),91,37,0.4066,Michael Jordan
In The Paint (Non-RA),Right Side(R),90,40,0.4444,Michael Jordan
Left Corner 3,Left Side(L),17,6,0.3529,Michael Jordan
Mid-Range,Center(C),441,186,0.4218,Michael Jordan
Mid-Range,Left Side Center(LC),452,185,0.4093,Michael Jordan
Mid-Range,Left Side(L),1275,575,0.451,Michael Jordan
Mid-Range,Right Side Center(RC),536,234,0.4366,Michael Jordan
Mid-Range,Right Side(R),1558,714,0.4583,Michael Jordan
Restricted Area,Center(C),1239,714,0.5763,Michael Jordan
Right Corner 3,Right Side(R),18,9,0.5,Michael Jordan
Above the Break 3,Center(C),91,38,0.4176,Nikola Jokić
Above the Break 3,Left Side Center(LC),46,20,0.4348,Nikola Jokić
Above the Break 3,Right Side Center(RC),48,19,0.3958,Nikola Jokić
In The Paint (Non-RA),Center(C),224,133,0.5938,Nikola Jokić
In The Paint (Non-RA),Left Side(L),4,2,0.5,Nikola Jokić
In The Paint (Non-RA),Right Side(R),10,4,0.4,Nikola Jokić
Left Corner 3,Left Side(L),5,2,0.4,Nikola Jokić
Mid-Range,Center(C),23,18,0.7826,Nikola Jokić
Mid-Range,Left Side Center(LC),10,4,0.4,Nikola Jokić
Mid-Range,Left Side(L),20,10,0.5,Nikola Jokić
Mid-Range,Right Side Center(RC),7,4,0.5714,Nikola Jokić
Mid-Range,Right Side(R),16,6,0.375,Nikola Jokić
Restricted Area,Center(C),215,160,0.7442,Nikola Jokić
Right Corner 3,Right Side(R),5,3,0.6,Nikola Jokić
Above the Break 3,Center(C),131,54,0.4122,Stephen Curry
Above the Break 3,Left Side Center(LC),129,48,0.3721,Stephen Curry
Above the Break 3,Right Side Center(RC),158,57,0.3608,Stephen Curry
In The Paint (Non-RA),Center(C),80,43,0.5375,Stephen Curry
In The Paint (Non-RA),Right Side(R),10,3,0.3,Stephen Curry
Left Corner 3,Left Side(L),19,10,0.5263,Stephen Curry
Mid-Range,Center(C),15,7,0.4667,Stephen Curry
Mid-Range,Left Side Center(LC),16,7,0.4375,Stephen Curry
Mid-Range,Left Side(L),23,13,0.5652,Stephen Curry
Mid-Range,Right Side Center(RC),10,6,0.6,Stephen Curry
Mid-Range,Right Side(R),27,14,0.5185,Stephen Curry
Restricted Area,Center(C),115,80,0.6957,Stephen Curry
Right Corner 3,Right Side(R),11,6,0.5455,Stephen Curry
