GROUP_SET,GROUP_VALUE,FGM,FGA,FG_PCT,FG3M,FG3A,FG3_PCT,EFG_PCT,BLKA,PCT_AST_2PM,PCT_UAST_2PM,PCT_AST_3PM,PCT_UAST_3PM,PCT_AST_FGM,PCT_UAST_FGM,FGM_RANK,FGA_RANK,FG_PCT_RANK,FG3M_RANK,FG3A_RANK,FG3_PCT_RANK,EFG_PCT_RANK,BLKA_RANK,PCT_AST_2PM_RANK,PCT_UAST_2PM_RANK,PCT_AST_3PM_RANK,PCT_UAST_3PM_RANK,PCT_AST_FGM_RANK,PCT_UAST_FGM_RANK,PLAYER_NAME_LABEL,SEASON
Shot Distance (5ft),Less Than 5 ft.,110,194,0.567,0,0,0.0,0.567,16,0.427,0.573,0.0,0.0,0.427,0.573,3,3,1,3,4,3,1,8,4,2,3,2,5,2,Michael Jordan,2001-02
Shot Distance (5ft),5-9 ft.,33,115,0.287,0,0,0.0,0.287,13,0.364,0.636,0.0,0.0,0.364,0.636,5,4,5,3,4,3,5,6,5,1,3,2,6,1,Michael Jordan,2001-02
Shot Distance (5ft),10-14 ft.,134,319,0.42,0,0,0.0,0.42,15,0.433,0.567,0.0,0.0,0.433,0.567,2,2,2,3,4,3,2,7,3,3,3,2,4,3,Michael Jordan,2001-02
Shot Distance (5ft),15-19 ft.,234,571,0.41,0,0,0.0,0.41,7,0.462,0.538,0.0,0.0,0.462,0.538,1,1,3,3,4,3,4,5,2,4,3,2,2,5,Michael Jordan,2001-02
Shot Distance (5ft),20-24 ft.,35,91,0.385,5,19,0.263,0.412,0,0.467,0.533,0.4,0.6,0.457,0.543,4,5,4,1,2,1,3,1,1,5,2,1,3,4,Michael Jordan,2001-02
Shot Distance (5ft),25-29 ft.,5,33,0.152,5,33,0.152,0.227,1,0.0,0.0,1.0,0.0,1.0,0.0,6,6,6,1,1,2,6,4,6,6,1,2,1,6,Michael Jordan,2001-02
Shot Distance (5ft),35-39 ft.,0,1,0.0,0,1,0.0,0.0,0,0.0,0.0,0.0,0.0,0.0,0.0,7,7,7,3,3,3,7,1,6,6,3,2,7,6,Michael Jordan,2001-02
Shot Distance (5ft),40+ ft.,0,0,0.0,0,0,0.0,0.0,0,0.0,0.0,0.0,0.0,0.0,0.0,7,8,7,3,4,3,7,1,6,6,3,2,7,6,Michael Jordan,2001-02
Shot Distance (5ft),Less Than 5 ft.,78,133,0.586,0,0,0.0,0.586,15,0.359,0.641,0.0,0.0,0.359,0.641,2,5,1,3,6,3,1,9,2,4,3,3,3,4,Kobe Bryant,2015-16
Shot Distance (5ft),5-9 ft.,34,85,0.4,0,0,0.0,0.4,4,0.324,0.676,0.0,0.0,0.324,0.676,6,6,3,3,6,3,4,5,3,3,3,3,4,3,Kobe Bryant,2015-16
Shot Distance (5ft),10-14 ft.,63,149,0.423,0,0,0.0,0.423,7,0.19,0.81,0.0,0.0,0.19,0.81,5,4,2,3,6,3,3,8,5,1,3,3,6,1,Kobe Bryant,2015-16
Shot Distance (5ft),15-19 ft.,69,211,0.327,0,0,0.0,0.327,4,0.319,0.681,0.0,0.0,0.319,0.681,3,3,4,3,6,3,6,5,4,2,3,3,5,2,Kobe Bryant,2015-16
Shot Distance (5ft),20-24 ft.,90,289,0.311,69,221,0.312,0.431,5,0.667,0.333,0.681,0.319,0.678,0.322,1,1,5,1,2,1,2,7,1,5,2,1,2,5,Kobe Bryant,2015-16
Shot Distance (5ft),25-29 ft.,64,240,0.267,64,240,0.267,0.4,1,0.0,0.0,0.703,0.297,0.703,0.297,4,2,6,2,1,2,4,4,6,6,1,2,1,6,Kobe Bryant,2015-16
Shot Distance (5ft),30-34 ft.,0,3,0.0,0,3,0.0,0.0,0,0.0,0.0,0.0,0.0,0.0,0.0,7,7,7,3,3,3,7,1,6,6,3,3,7,7,Kobe Bryant,2015-16
Shot Distance (5ft),35-39 ft.,0,1,0.0,0,1,0.0,0.0,0,0.0,0.0,0.0,0.0,0.0,0.0,7,9,7,3,5,3,7,1,6,6,3,3,7,7,Kobe Bryant,2015-16
Shot Distance (5ft),40+ ft.,0,2,0.0,0,2,0.0,0.0,0,0.0,0.0,0.0,0.0,0.0,0.0,7,8,7,3,4,3,7,1,6,6,3,3,7,7,Kobe Bryant,2015-16
Shot Distance (5ft),Less Than 5 ft.,32,68,0.471,0,0,0.0,0.471,8,0.219,0.781,0.0,0.0,0.219,0.781,2,2,2,3,4,3,2,8,4,2,3,2,5,2,Allen Iverson,2009-10
Shot Distance (5ft),5-9 ft.,8,32,0.25,0,0,0.0,0.25,4,0.375,0.625,0.0,0.0,0.375,0.625,5,4,6,3,4,3,6,7,3,3,3,2,4,3,Allen Iverson,2009-10
Shot Distance (5ft),10-14 ft.,21,46,0.457,0,0,0.0,0.457,8,0.19,0.81,0.0,0.0,0.19,0.81,3,3,3,3,4,3,3,8,5,1,3,2,6,1,Allen Iverson,2009-10
Shot Distance (5ft),15-19 ft.,57,127,0.449,0,0,0.0,0.449,2,0.544,0.456,0.0,0.0,0.544,0.456,1,1,4,3,4,3,4,6,2,4,3,2,3,4,Allen Iverson,2009-10
Shot Distance (5ft),20-24 ft.,14,27,0.519,5,9,0.556,0.611,0,1.0,0.0,0.8,0.2,0.929,0.071,4,5,1,1,2,1,1,1,1,5,2,1,2,5,Allen Iverson,2009-10
Shot Distance (5ft),25-29 ft.,4,15,0.267,4,15,0.267,0.4,0,0.0,0.0,1.0,0.0,1.0,0.0,6,6,5,2,1,2,5,1,6,5,1,2,1,6,Allen Iverson,2009-10
Shot Distance (5ft),30-34 ft.,0,0,0.0,0,0,0.0,0.0,0,0.0,0.0,0.0,0.0,0.0,0.0,7,8,7,3,4,3,7,1,6,5,3,2,7,6,Allen Iverson,2009-10
Shot Distance (5ft),35-39 ft.,0,0,0.0,0,0,0.0,0.0,0,0.0,0.0,0.0,0.0,0.0,0.0,7,8,7,3,4,3,7,1,6,5,3,2,7,6,Allen Iverson,2009-10
Shot Distance (5ft),40+ ft.,0,1,0.0,0,1,0.0,0.0,1,0.0,0.0,0.0,0.0,0.0,0.0,7,7,7,3,3,3,7,5,6,5,3,2,7,6,Allen Iverson,2009-10
Shot Distance (5ft),Less Than 5 ft.,4,6,0.667,0,0,0.0,0.667,0,0.75,0.25,0.0,0.0,0.75,0.25,6,6,1,3,5,3,1,1,3,3,3,1,4,3,Dirk Nowitzki,2018-19
Shot Distance (5ft),5-9 ft.,6,22,0.273,0,0,0.0,0.273,2,0.5,0.5,0.0,0.0,0.5,0.5,5,5,6,3,5,3,6,9,5,1,3,1,6,1,Dirk Nowitzki,2018-19
Shot Distance (5ft),10-14 ft.,24,46,0.522,0,0,0.0,0.522,0,0.708,0.292,0.0,0.0,0.708,0.292,4,4,2,3,5,3,2,1,4,2,3,1,5,2,Dirk Nowitzki,2018-19
Shot Distance (5ft),15-19 ft.,26,70,0.371,0,0,0.0,0.371,0,0.923,0.077,0.0,0.0,0.923,0.077,3,3,3,3,5,3,5,1,2,4,3,1,3,4,Dirk Nowitzki,2018-19
Shot Distance (5ft),20-24 ft.,27,83,0.325,16,56,0.286,0.422,0,1.0,0.0,1.0,0.0,1.0,0.0,2,2,5,2,2,2,4,1,1,5,1,1,1,5,Dirk Nowitzki,2018-19
Shot Distance (5ft),25-29 ft.,48,146,0.329,48,146,0.329,0.493,0,0.0,0.0,1.0,0.0,1.0,0.0,1,1,4,1,1,1,3,1,6,5,1,1,1,5,Dirk Nowitzki,2018-19
Shot Distance (5ft),30-34 ft.,0,2,0.0,0,2,0.0,0.0,0,0.0,0.0,0.0,0.0,0.0,0.0,7,7,7,3,3,3,7,1,6,5,3,1,7,5,Dirk Nowitzki,2018-19
Shot Distance (5ft),35-39 ft.,0,0,0.0,0,0,0.0,0.0,0,0.0,0.0,0.0,0.0,0.0,0.0,7,9,7,3,5,3,7,1,6,5,3,1,7,5,Dirk Nowitzki,2018-19
Shot Distance (5ft),40+ ft.,0,1,0.0,0,1,0.0,0.0,0,0.0,0.0,0.0,0.0,0.0,0.0,7,8,7,3,4,3,7,1,6,5,3,1,7,5,Dirk Nowitzki,2018-19
Shot Distance (5ft),Less Than 5 ft.,313,445,0.703,0,0,0.0,0.703,35,0.457,0.543,0.0,0.0,0.457,0.543,1,1,1,4,5,4,1,9,1,5,4,4,4,4,LeBron James,2024-25
Shot Distance (5ft),5-9 ft.,66,155,0.426,0,0,0.0,0.426,14,0.364,0.636,0.0,0.0,0.364,0.636,3,3,4,4,5,4,7,8,2,4,4,4,5,3,LeBron James,2024-25
Shot Distance (5ft),10-14 ft.,61,119,0.513,0,0,0.0,0.513,1,0.197,0.803,0.0,0.0,0.197,0.803,4,5,2,4,5,4,4,6,5,1,4,4,7,1,LeBron James,2024-25
Shot Distance (5ft),15-19 ft.,54,123,0.439,0,0,0.0,0.439,0,0.204,0.796,0.0,0.0,0.204,0.796,5,4,3,4,5,4,6,1,4,2,4,4,6,2,LeBron James,2024-25
Shot Distance (5ft),20-24 ft.,33,95,0.347,25,63,0.397,0.479,0,0.25,0.75,0.76,0.24,0.636,0.364,6,6,7,2,2,2,5,1,3,3,1,3,2,6,LeBron James,2024-25
Shot Distance (5ft),25-29 ft.,115,309,0.372,115,309,0.372,0.558,0,0.0,0.0,0.687,0.313,0.687,0.313,2,2,6,1,1,3,3,1,6,6,2,2,1,7,LeBron James,2024-25
Shot Distance (5ft),30-34 ft.,9,22,0.409,9,22,0.409,0.614,0,0.0,0.0,0.556,0.444,0.556,0.444,7,7,5,3,3,1,2,1,6,6,3,1,3,5,LeBron James,2024-25
Shot Distance (5ft),35-39 ft.,0,0,0.0,0,0,0.0,0.0,0,0.0,0.0,0.0,0.0,0.0,0.0,8,9,8,4,5,4,8,1,6,6,4,4,8,8,LeBron James,2024-25
Shot Distance (5ft),40+ ft.,0,2,0.0,0,2,0.0,0.0,1,0.0,0.0,0.0,0.0,0.0,0.0,8,8,8,4,4,4,8,6,6,6,4,4,8,8,LeBron James,2024-25
Shot Distance (5ft),Less Than 5 ft.,123,201,0.612,0,0,0.0,0.612,25,0.585,0.415,0.0,0.0,0.585,0.415,2,2,2,6,6,6,3,9,2,4,6,5,4,6,Stephen Curry,2024-25
Shot Distance (5ft),5-9 ft.,52,118,0.441,0,0,0.0,0.441,9,0.385,0.615,0.0,0.0,0.385,0.615,4,4,5,6,6,6,8,7,4,2,6,5,6,3,Stephen Curry,2024-25
Shot Distance (5ft),10-14 ft.,36,75,0.48,0,0,0.0,0.48,1,0.306,0.694,0.0,0.0,0.306,0.694,6,5,4,6,6,6,7,4,5,1,6,5,8,2,Stephen Curry,2024-25
Shot Distance (5ft),15-19 ft.,38,62,0.613,0,0,0.0,0.613,1,0.395,0.605,0.0,0.0,0.395,0.605,5,7,1,6,6,6,2,4,3,3,6,5,5,5,Stephen Curry,2024-25
Shot Distance (5ft),20-24 ft.,54,135,0.4,50,117,0.427,0.585,1,0.75,0.25,0.9,0.1,0.889,0.111,3,3,6,2,2,2,5,4,1,5,2,4,2,8,Stephen Curry,2024-25
Shot Distance (5ft),25-29 ft.,230,583,0.395,230,583,0.395,0.592,10,0.0,0.0,0.704,0.296,0.704,0.296,1,1,7,1,1,3,4,8,6,6,3,3,3,7,Stephen Curry,2024-25
Shot Distance (5ft),30-34 ft.,26,70,0.371,26,70,0.371,0.557,0,0.0,0.0,0.385,0.615,0.385,0.615,7,6,8,3,3,4,6,1,6,6,4,2,6,3,Stephen Curry,2024-25
Shot Distance (5ft),35-39 ft.,4,7,0.571,4,7,0.571,0.857,0,0.0,0.0,0.25,0.75,0.25,0.75,8,8,3,4,4,1,1,1,6,6,5,1,9,1,Stephen Curry,2024-25
Shot Distance (5ft),40+ ft.,1,7,0.143,1,7,0.143,0.214,0,0.0,0.0,1.0,0.0,1.0,0.0,9,8,9,5,4,5,9,1,6,6,1,5,1,9,Stephen Curry,2024-25
Shot Distance (5ft),Less Than 5 ft.,107,146,0.733,0,0,0.0,0.733,10,0.607,0.393,0.0,0.0,0.607,0.393,2,4,1,3,4,3,2,9,1,5,3,3,3,4,Kevin Durant,2024-25
Shot Distance (5ft),5-9 ft.,88,154,0.571,0,0,0.0,0.571,9,0.386,0.614,0.0,0.0,0.386,0.614,4,3,2,3,4,3,4,8,4,2,3,3,5,2,Kevin Durant,2024-25
Shot Distance (5ft),10-14 ft.,158,305,0.518,0,0,0.0,0.518,8,0.323,0.677,0.0,0.0,0.323,0.677,1,1,4,3,4,3,6,7,5,1,3,3,6,1,Kevin Durant,2024-25
Shot Distance (5ft),15-19 ft.,74,139,0.532,0,0,0.0,0.532,2,0.473,0.527,0.0,0.0,0.473,0.527,5,5,3,3,4,3,5,5,2,4,3,3,4,3,Kevin Durant,2024-25
Shot Distance (5ft),20-24 ft.,65,127,0.512,60,119,0.504,0.748,0,0.4,0.6,0.967,0.033,0.923,0.077,6,6,5,2,2,1,1,1,3,3,1,2,1,6,Kevin Durant,2024-25
Shot Distance (5ft),25-29 ft.,100,249,0.402,100,249,0.402,0.602,3,0.0,0.0,0.84,0.16,0.84,0.16,3,2,6,1,1,2,3,6,6,6,2,1,2,5,Kevin Durant,2024-25
Shot Distance (5ft),30-34 ft.,0,4,0.0,0,4,0.0,0.0,0,0.0,0.0,0.0,0.0,0.0,0.0,7,7,7,3,3,3,7,1,6,6,3,3,7,7,Kevin Durant,2024-25
Shot Distance (5ft),35-39 ft.,0,0,0.0,0,0,0.0,0.0,0,0.0,0.0,0.0,0.0,0.0,0.0,7,8,7,3,4,3,7,1,6,6,3,3,7,7,Kevin Durant,2024-25
Shot Distance (5ft),40+ ft.,0,0,0.0,0,0,0.0,0.0,0,0.0,0.0,0.0,0.0,0.0,0.0,7,8,7,3,4,3,7,1,6,6,3,3,7,7,Kevin Durant,2024-25
Shot Distance (5ft),Less Than 5 ft.,135,243,0.556,0,0,0.0,0.556,42,0.163,0.837,0.0,0.0,0.163,0.837,2,2,1,4,6,4,2,9,3,2,4,4,6,2,James Harden,2024-25
Shot Distance (5ft),5-9 ft.,83,196,0.423,0,0,0.0,0.423,14,0.193,0.807,0.0,0.0,0.193,0.807,3,3,3,4,6,4,5,8,2,3,4,4,5,3,James Harden,2024-25
Shot Distance (5ft),10-14 ft.,56,140,0.4,0,0,0.0,0.4,3,0.196,0.804,0.0,0.0,0.196,0.804,4,4,4,4,6,4,6,6,1,4,4,4,4,4,James Harden,2024-25
Shot Distance (5ft),15-19 ft.,22,45,0.489,0,0,0.0,0.489,2,0.136,0.864,0.0,0.0,0.136,0.864,6,6,2,4,6,4,4,5,4,1,4,4,7,1,James Harden,2024-25
Shot Distance (5ft),20-24 ft.,34,88,0.386,34,85,0.4,0.58,3,0.0,0.0,0.471,0.529,0.471,0.529,5,5,5,2,2,1,1,6,5,5,1,3,1,7,James Harden,2024-25
Shot Distance (5ft),25-29 ft.,196,558,0.351,196,558,0.351,0.527,1,0.0,0.0,0.352,0.648,0.352,0.648,1,1,6,1,1,2,3,4,5,5,3,1,3,5,James Harden,2024-25
Shot Distance (5ft),30-34 ft.,5,21,0.238,5,21,0.238,0.357,0,0.0,0.0,0.4,0.6,0.4,0.6,7,7,7,3,3,3,7,1,5,5,2,2,2,6,James Harden,2024-25
Shot Distance (5ft),35-39 ft.,0,3,0.0,0,3,0.0,0.0,0,0.0,0.0,0.0,0.0,0.0,0.0,8,8,8,4,4,4,8,1,5,5,4,4,8,8,James Harden,2024-25
Shot Distance (5ft),40+ ft.,0,1,0.0,0,1,0.0,0.0,0,0.0,0.0,0.0,0.0,0.0,0.0,8,9,8,4,5,4,8,1,5,5,4,4,8,8,James Harden,2024-25
Shot Distance (5ft),Less Than 5 ft.,125,178,0.702,0,0,0.0,0.702,13,0.392,0.608,0.0,0.0,0.392,0.608,2,2,1,5,6,5,1,9,1,5,5,5,4,5,Luka Dončić,2024-25
Shot Distance (5ft),5-9 ft.,62,128,0.484,0,0,0.0,0.484,7,0.113,0.887,0.0,0.0,0.113,0.887,4,4,2,5,6,5,5,8,5,1,5,5,8,1,Luka Dončić,2024-25
Shot Distance (5ft),10-14 ft.,67,147,0.456,0,0,0.0,0.456,5,0.194,0.806,0.0,0.0,0.194,0.806,3,3,4,5,6,5,6,7,3,3,5,5,6,3,Luka Dončić,2024-25
Shot Distance (5ft),15-19 ft.,27,80,0.338,0,0,0.0,0.338,0,0.148,0.852,0.0,0.0,0.148,0.852,5,5,6,5,6,5,8,1,4,2,5,5,7,2,Luka Dončić,2024-25
Shot Distance (5ft),20-24 ft.,21,75,0.28,18,64,0.281,0.4,2,0.333,0.667,0.611,0.389,0.571,0.429,6,6,8,2,2,4,7,5,2,4,1,4,1,8,Luka Dončić,2024-25
Shot Distance (5ft),25-29 ft.,141,372,0.379,141,372,0.379,0.569,2,0.0,0.0,0.44,0.56,0.44,0.56,1,1,5,1,1,2,3,5,6,6,3,2,3,6,Luka Dončić,2024-25
Shot Distance (5ft),30-34 ft.,16,35,0.457,16,35,0.457,0.686,0,0.0,0.0,0.25,0.75,0.25,0.75,7,7,3,3,3,1,2,1,6,6,4,1,5,4,Luka Dončić,2024-25
Shot Distance (5ft),35-39 ft.,2,6,0.333,2,6,0.333,0.5,0,0.0,0.0,0.5,0.5,0.5,0.5,8,8,7,4,4,3,4,1,6,6,2,3,2,7,Luka Dončić,2024-25
Shot Distance (5ft),40+ ft.,0,4,0.0,0,4,0.0,0.0,1,0.0,0.0,0.0,0.0,0.0,0.0,9,9,9,5,5,5,9,4,6,6,5,5,9,9,Luka Dončić,2024-25
Shot Distance (5ft),Less Than 5 ft.,364,513,0.71,0,0,0.0,0.71,36,0.632,0.368,0.0,0.0,0.632,0.368,1,1,1,4,6,4,1,9,4,2,4,3,6,2,Nikola Jokić,2024-25
Shot Distance (5ft),5-9 ft.,200,357,0.56,0,0,0.0,0.56,21,0.69,0.31,0.0,0.0,0.69,0.31,2,2,3,4,6,4,5,8,2,4,4,3,4,4,Nikola Jokić,2024-25
Shot Distance (5ft),10-14 ft.,46,93,0.495,0,0,0.0,0.495,4,0.674,0.326,0.0,0.0,0.674,0.326,4,4,4,4,6,4,6,7,3,3,4,3,5,3,Nikola Jokić,2024-25
Shot Distance (5ft),15-19 ft.,32,57,0.561,0,0,0.0,0.561,1,0.594,0.406,0.0,0.0,0.594,0.406,5,6,2,4,6,4,4,5,5,1,4,3,7,1,Nikola Jokić,2024-25
Shot Distance (5ft),20-24 ft.,26,58,0.448,20,45,0.444,0.621,0,0.833,0.167,0.95,0.05,0.923,0.077,6,5,6,2,2,2,3,1,1,5,2,2,2,6,Nikola Jokić,2024-25
Shot Distance (5ft),25-29 ft.,115,254,0.453,115,254,0.453,0.679,0,0.0,0.0,0.843,0.157,0.843,0.157,3,3,5,1,1,1,2,1,6,6,3,1,3,5,Nikola Jokić,2024-25
Shot Distance (5ft),30-34 ft.,0,4,0.0,0,4,0.0,0.0,0,0.0,0.0,0.0,0.0,0.0,0.0,8,8,8,4,4,4,8,1,6,6,4,3,8,7,Nikola Jokić,2024-25
Shot Distance (5ft),35-39 ft.,0,3,0.0,0,3,0.0,0.0,1,0.0,0.0,0.0,0.0,0.0,0.0,8,9,8,4,5,4,8,5,6,6,4,3,8,7,Nikola Jokić,2024-25
Shot Distance (5ft),40+ ft.,3,25,0.12,3,25,0.12,0.18,0,0.0,0.0,1.0,0.0,1.0,0.0,7,7,7,3,3,3,7,1,6,6,1,3,1,7,Nikola Jokić,2024-25
