GROUP_SET,GROUP_VALUE,TEAM_ID,TEAM_ABBREVIATION,MAX_GAME_DATE,GP,W,L,W_PCT,MIN,FGM,FGA,FG_PCT,FG3M,FG3A,FG3_PCT,FTM,FTA,FT_PCT,OREB,DREB,REB,AST,TOV,STL,BLK,BLKA,PF,PFD,PTS,PLUS_MINUS,NBA_FANTASY_PTS,DD2,TD3,WNBA_FANTASY_PTS,GP_RANK,W_RANK,L_RANK,W_PCT_RANK,MIN_RANK,FGM_RANK,FGA_RANK,FG_PCT_RANK,FG3M_RANK,FG3A_RANK,FG3_PCT_RANK,FTM_RANK,FTA_RANK,FT_PCT_RANK,OREB_RANK,DREB_RANK,REB_RANK,AST_RANK,TOV_RANK,STL_RANK,BLK_RANK,BLKA_RANK,PF_RANK,PFD_RANK,PTS_RANK,PLUS_MINUS_RANK,NBA_FANTASY_PTS_RANK,DD2_RANK,TD3_RANK,WNBA_FANTASY_PTS_RANK,TEAM_COUNT,PLAYER_NAME_LABEL,TS_PCT,EFG_PCT,THREE_RATE,AST_TOV
By Year,2002-03,1610612764,WAS,2003-04-16T00:00:00,82,37,45,0.451,3029.0383333333334,679,1527,0.445,16,55,0.291,266,324,0.821,71,426,497,311,173,123,39,51.0,171,0,1640,6,3015.9,13,0,2788.0,1,3,4,4,3,3,3,3,3,3,2,3,4,2,3,1,1,2,2,3,3,2,4,4,3,4,3,1,2,3,1.0,Michael Jordan,0.4911,0.4499,0.036,1.8
By Year,2001-02,1610612764,WAS,2002-04-02T00:00:00,60,30,30,0.5,2089.0016666666666,551,1324,0.416,10,53,0.189,263,333,0.79,50,289,339,310,162,85,26,52.0,119,1,1375,17,2417.8,8,0,2256.0,4,4,3,3,4,4,4,4,4,4,4,4,3,3,4,4,4,3,4,4,4,3,1,3,4,3,4,3,2,4,1.0,Michael Jordan,0.4675,0.4199,0.04,1.91
By Year,1997-98,1610612741,CHI,1998-04-18T00:00:00,82,62,20,0.756,3182.38,881,1893,0.465,30,126,0.238,565,721,0.784,130,345,475,283,185,141,45,73.0,151,2,2357,598,3724.5,5,0,3517.0,1,2,2,2,1,2,1,2,2,2,3,1,1,4,1,3,3,4,1,1,1,4,2,1,2,2,2,4,2,2,1.0,Michael Jordan,0.5332,0.4733,0.0666,1.53
By Year,1996-97,1610612741,CHI,1997-04-19T00:00:00,82,69,13,0.841,3108.8033333333333,920,1892,0.486,111,297,0.374,480,576,0.833,113,369,482,352,166,140,44,49.0,156,2,2431,820,3923.4,9,1,3744.0,1,1,1,1,2,1,2,1,1,1,1,2,2,1,2,2,2,1,3,2,2,1,3,1,1,1,1,2,1,1,1.0,Michael Jordan,0.5666,0.5156,0.157,2.12
By Year,2015-16,1610612747,LAL,2016-04-13T00:00:00,66,13,53,0.197,1863.3233333333333,398,1113,0.358,133,467,0.285,232,281,0.826,41,206,247,184,129,62,13,36.0,115,174,1161,-569,1829.4,2,0,1875.0,13,18,20,20,17,15,15,20,4,2,17,17,17,14,18,16,16,18,17,17,17,4,5,10,16,20,16,17,10,16,1.0,Kobe Bryant,0.4694,0.4173,0.4196,1.43
By Year,2014-15,1610612747,LAL,2015-01-21T00:00:00,35,10,25,0.286,1206.868333333333,266,713,0.373,54,184,0.293,196,241,0.813,26,173,199,197,128,47,7,27.0,65,178,782,-294,1350.3,4,2,1340.0,19,19,12,19,18,18,18,19,15,15,16,18,18,18,19,17,18,16,18,19,19,3,2,9,18,19,18,14,3,18,1.0,Kobe Bryant,0.4774,0.4109,0.2581,1.54
By Year,2013-14,1610612747,LAL,2013-12-17T00:00:00,6,2,4,0.333,177.28333333333333,31,73,0.425,3,16,0.188,18,21,0.857,2,24,26,38,34,7,1,5.0,9,16,83,-32,161.2,0,0,166.0,20,20,1,18,20,20,20,17,20,20,20,20,20,2,20,20,20,20,20,20,20,1,1,11,20,17,20,18,10,20,1.0,Kobe Bryant,0.5046,0.4452,0.2192,1.12
By Year,2012-13,1610612747,LAL,2013-04-12T00:00:00,78,42,36,0.538,3012.613333333333,738,1595,0.463,132,407,0.324,525,626,0.839,66,367,433,469,287,106,25,71.0,173,467,2133,139,3462.1,16,2,3429.0,8,13,17,15,6,8,8,7,5,4,11,6,6,11,14,3,5,2,2,10,13,15,8,5,6,12,6,4,3,6,1.0,Kobe Bryant,0.5702,0.5041,0.2552,1.63
By Year,2011-12,1610612747,LAL,2012-04-22T00:00:00,58,36,22,0.621,2232.175,574,1336,0.43,87,287,0.303,381,451,0.845,66,247,313,264,204,69,18,45.0,105,337,1616,138,2444.6,3,0,2454.0,17,15,7,11,14,11,11,15,11,11,15,13,14,7,14,14,14,14,12,16,16,6,4,8,12,13,14,16,10,14,1.0,Kobe Bryant,0.5266,0.4622,0.2148,1.29
By Year,2010-11,1610612747,LAL,2011-04-13T00:00:00,82,57,25,0.695,2778.6633333333334,740,1639,0.451,115,356,0.323,483,583,0.828,83,336,419,388,243,99,12,70.0,172,450,2078,423,3252.8,9,1,3222.0,1,3,12,7,10,7,6,10,9,7,12,8,8,13,9,7,8,8,7,12,18,14,7,6,7,6,8,10,7,8,1.0,Kobe Bryant,0.5481,0.4866,0.2172,1.6
By Year,2009-10,1610612747,LAL,2010-04-11T00:00:00,73,51,22,0.699,2835.383333333333,716,1569,0.456,99,301,0.329,439,541,0.811,78,313,391,365,233,113,20,68.0,187,425,1970,466,3152.7,7,0,3091.0,10,7,7,6,8,9,9,9,10,10,9,12,11,19,11,9,12,9,8,7,15,12,12,7,9,4,10,13,10,9,1.0,Kobe Bryant,0.5451,0.4879,0.1918,1.57
By Year,2008-09,1610612747,LAL,2009-04-14T00:00:00,82,65,17,0.793,2960.0333333333333,800,1712,0.467,118,336,0.351,483,564,0.856,90,339,429,399,210,120,37,64.0,189,468,2201,659,3575.3,8,2,3461.0,1,1,3,2,7,4,4,3,8,8,4,8,9,3,8,6,6,6,11,4,8,9,13,4,5,1,5,12,3,5,1.0,Kobe Bryant,0.5614,0.5018,0.1963,1.9
By Year,2007-08,1610612747,LAL,2008-04-15T00:00:00,82,57,25,0.695,3192.276666666666,775,1690,0.459,150,415,0.361,623,742,0.84,94,423,517,441,257,151,40,66.0,227,542,2323,595,3920.9,20,0,3813.0,1,3,12,7,3,5,5,8,2,3,3,3,3,9,7,2,2,3,4,2,6,10,18,3,4,2,3,2,10,3,1.0,Kobe Bryant,0.576,0.503,0.2456,1.72
By Year,2006-07,1610612747,LAL,2007-04-18T00:00:00,77,39,38,0.506,3139.675,813,1757,0.463,137,398,0.344,667,768,0.868,75,364,439,413,255,111,36,78.0,205,614,2430,102,3762.3,10,0,3713.0,9,14,18,16,4,3,3,6,3,5,6,2,2,1,12,4,4,5,5,9,9,17,14,2,3,14,4,7,10,4,1.0,Kobe Bryant,0.58,0.5017,0.2265,1.62
By Year,2005-06,1610612747,LAL,2006-04-19T00:00:00,80,45,35,0.563,3277.1,978,2173,0.45,180,518,0.347,696,819,0.85,71,354,425,360,250,147,30,82.0,233,650,2832,318,4163.0,4,0,4151.0,5,11,16,14,2,1,1,12,1,1,5,1,1,6,13,5,7,10,6,3,11,19,20,1,1,8,2,14,10,1,1.0,Kobe Bryant,0.5589,0.4915,0.2384,1.44
By Year,2004-05,1610612747,LAL,2005-04-20T00:00:00,66,28,38,0.424,2689.536666666667,573,1324,0.433,131,387,0.339,542,664,0.816,95,297,392,398,270,86,53,66.0,174,0,1819,-116,3033.4,18,5,3018.0,13,17,18,17,11,12,12,14,6,6,8,5,5,17,6,11,11,7,3,13,3,10,9,15,11,18,11,3,1,11,1.0,Kobe Bryant,0.5628,0.4823,0.2923,1.47
By Year,2003-04,1610612747,LAL,2004-04-14T00:00:00,65,48,17,0.738,2447.4416666666666,516,1178,0.438,71,217,0.327,454,533,0.852,103,256,359,330,171,112,28,69.0,176,0,1557,309,2731.8,10,1,2597.0,16,9,3,3,13,14,14,13,13,13,10,11,12,5,5,13,13,12,14,8,12,13,10,15,13,9,13,7,7,13,1.0,Kobe Bryant,0.5511,0.4682,0.1842,1.93
By Year,2002-03,1610612747,LAL,2003-04-16T00:00:00,82,50,32,0.61,3403.8566666666666,868,1924,0.451,124,324,0.383,601,713,0.843,106,458,564,481,288,181,67,79.0,218,0,2461,260,4315.3,23,5,4126.0,1,8,15,13,1,2,2,11,7,9,1,4,4,8,3,1,1,1,1,1,1,18,15,15,2,11,1,1,1,2,1.0,Kobe Bryant,0.5499,0.4834,0.1684,1.67
By Year,2001-02,1610612747,LAL,2002-04-17T00:00:00,80,56,24,0.7,3065.1316666666667,749,1597,0.469,33,132,0.25,488,589,0.829,112,329,441,438,223,118,35,88.0,228,2,2019,444,3441.2,11,1,3237.0,5,5,11,5,5,6,7,1,18,18,19,7,7,12,1,8,3,4,9,5,10,20,19,13,8,5,7,6,7,7,1.0,Kobe Bryant,0.5439,0.4793,0.0827,1.96
By Year,2000-01,1610612747,LAL,2001-04-17T00:00:00,68,45,23,0.662,2791.005,701,1510,0.464,61,200,0.305,475,557,0.853,104,295,399,338,220,114,43,75.0,222,1,1938,369,3174.8,10,2,3050.0,12,11,9,10,9,10,10,5,14,14,14,10,10,4,4,12,10,11,10,6,5,16,17,14,10,7,9,7,3,10,1.0,Kobe Bryant,0.5521,0.4844,0.1325,1.54
By Year,1999-00,1610612747,LAL,2000-04-19T00:00:00,66,55,11,0.833,2522.995,554,1183,0.468,46,144,0.319,331,403,0.821,108,308,416,323,182,106,62,53.0,220,13,1485,531,2790.7,12,0,2606.0,13,6,2,1,12,13,13,2,17,16,13,15,15,15,2,10,9,13,13,10,2,7,16,12,14,3,12,5,10,12,1.0,Kobe Bryant,0.5458,0.4877,0.1217,1.77
By Year,1998-99,1610612747,LAL,1999-05-05T00:00:00,50,31,19,0.62,1894.256666666667,362,779,0.465,27,101,0.267,245,292,0.839,53,211,264,190,157,72,50,38.0,153,0,996,92,1806.8,9,0,1721.0,18,16,5,12,16,17,17,4,19,19,18,16,16,10,16,15,15,17,15,15,4,5,6,15,17,15,17,10,10,17,1.0,Kobe Bryant,0.5488,0.482,0.1297,1.21
By Year,1997-98,1610612747,LAL,1998-04-19T00:00:00,79,58,21,0.734,2058.2166666666667,391,913,0.428,75,220,0.341,363,457,0.794,79,163,242,199,157,74,40,56.0,180,0,1220,263,1993.9,0,0,1964.0,7,2,6,4,15,16,16,16,12,12,7,14,13,20,10,18,17,15,15,14,6,8,11,15,15,10,15,18,10,15,1.0,Kobe Bryant,0.5475,0.4693,0.241,1.27
By Year,1996-97,1610612747,LAL,1997-04-20T00:00:00,71,48,23,0.676,1101.4516666666666,176,422,0.417,51,136,0.375,136,166,0.819,47,85,132,91,112,49,23,24.0,102,0,539,60,937.9,0,0,957.0,11,9,9,9,19,19,19,18,16,17,2,19,19,16,17,19,19,19,19,18,14,2,3,15,19,16,19,18,10,19,1.0,Kobe Bryant,0.5444,0.4775,0.3223,0.81
By Year,2009-10,-1,TOT,2010-02-20T00:00:00,28,10,18,0.357,864.3233333333334,136,316,0.43,9,25,0.36,104,131,0.794,16,63,79,113,64,19,2,23.0,48,104,385,-42,648.3,0,0,628.0,3,3,1,3,3,3,3,2,3,3,1,3,3,2,3,3,3,3,3,3,3,1,1,3,3,2,3,3,1,3,2.0,Allen Iverson,0.5152,0.4446,0.0791,1.77
By Year,2009-10,1610612755,PHI,2010-02-20T00:00:00,25,10,15,0.4,797.7833333333333,121,290,0.417,8,24,0.333,98,119,0.824,15,60,75,102,57,18,2,23.0,43,95,348,-21,594.0,0,0,573.0,14,14,4,11,14,15,15,10,15,15,6,15,15,3,14,14,14,15,15,15,14,4,4,6,15,11,15,15,2,15,1.0,Allen Iverson,0.5082,0.431,0.0828,1.79
By Year,2009-10,1610612763,MEM,2009-11-06T00:00:00,3,0,3,0.0,66.54,15,26,0.577,1,1,1.0,6,12,0.5,1,3,4,11,7,1,0,0.0,5,9,37,-21,54.3,0,0,55.0,16,17,2,17,17,17,17,1,17,17,1,17,17,17,17,17,17,17,17,17,17,1,2,9,17,11,17,15,2,17,1.0,Allen Iverson,0.5914,0.5962,0.0385,1.57
By Year,2008-09,-1,TOT,2009-04-01T00:00:00,57,25,32,0.439,2092.43,348,834,0.417,28,99,0.283,271,347,0.781,30,143,173,283,146,88,6,41.0,86,316,995,-46,1763.1,2,0,1667.0,2,2,2,2,2,2,2,3,2,2,3,2,2,3,1,2,2,2,2,2,2,2,2,2,2,3,2,2,1,2,2.0,Allen Iverson,0.5042,0.4341,0.1187,1.94
By Year,2008-09,1610612765,DET,2009-04-01T00:00:00,54,24,30,0.444,1969.5533333333333,330,794,0.416,26,91,0.286,253,322,0.786,27,138,165,263,136,85,5,40.0,83,297,939,-49,1665.5,2,0,1573.0,10,11,11,10,13,13,13,11,13,13,14,13,13,8,12,12,12,12,13,13,11,5,6,4,13,13,13,13,2,13,1.0,Allen Iverson,0.5018,0.432,0.1146,1.93
By Year,2008-09,1610612743,DEN,2008-11-01T00:00:00,3,1,2,0.333,122.87666666666668,18,40,0.45,2,8,0.25,18,25,0.72,3,5,8,20,10,3,1,1.0,3,19,56,3,97.6,0,0,94.0,16,16,1,14,16,16,16,5,16,16,16,16,16,14,16,16,16,16,16,16,15,2,1,8,16,9,16,15,2,16,1.0,Allen Iverson,0.549,0.475,0.2,2.0
By Year,2007-08,1610612743,DEN,2008-04-16T00:00:00,82,50,32,0.61,3423.806666666667,712,1556,0.458,95,275,0.345,645,797,0.809,47,196,243,586,245,160,12,98.0,109,631,2164,360,3605.6,15,0,3432.0,1,1,12,2,2,6,7,3,4,5,3,3,2,7,8,7,8,2,5,6,6,12,10,2,5,2,4,4,2,4,1.0,Allen Iverson,0.5675,0.4881,0.1767,2.39
By Year,2006-07,-1,TOT,2007-04-16T00:00:00,65,31,34,0.477,2761.2716666666665,581,1313,0.442,62,197,0.315,485,610,0.795,23,170,193,468,268,123,13,63.0,95,489,1709,-11,2782.6,17,0,2704.0,1,1,3,1,1,1,1,1,1,1,2,1,1,1,2,1,1,1,1,1,1,3,3,1,1,1,1,1,1,1,2.0,Allen Iverson,0.5403,0.4661,0.15,1.75
By Year,2006-07,1610612743,DEN,2007-04-16T00:00:00,50,26,24,0.52,2120.99,430,947,0.454,50,144,0.347,331,436,0.759,16,136,152,359,202,90,12,47.0,74,347,1241,38,2065.9,12,0,2006.0,11,10,7,8,10,12,12,4,12,12,2,12,12,10,13,13,13,7,11,12,6,6,5,3,12,7,12,5,2,12,1.0,Allen Iverson,0.5449,0.4805,0.1521,1.78
By Year,2006-07,1610612755,PHI,2006-12-06T00:00:00,15,5,10,0.333,640.2816666666666,151,366,0.413,12,53,0.226,154,174,0.885,7,34,41,109,66,33,1,16.0,21,142,468,-49,716.7,5,0,698.0,15,15,3,14,15,14,14,14,14,14,17,14,14,1,15,15,15,14,14,14,15,3,3,5,14,13,14,9,2,14,1.0,Allen Iverson,0.5287,0.429,0.1448,1.65
By Year,2005-06,1610612755,PHI,2006-04-15T00:00:00,72,35,37,0.486,3103.188333333333,815,1822,0.447,72,223,0.323,675,829,0.814,44,188,232,532,248,140,10,103.0,121,671,2377,-6,3655.4,18,0,3513.0,6,7,15,9,5,1,2,6,8,9,7,1,1,4,9,9,10,4,4,9,8,14,11,1,1,10,3,3,2,3,1.0,Allen Iverson,0.5435,0.4671,0.1224,2.15
By Year,2004-05,1610612755,PHI,2005-04-20T00:00:00,75,41,34,0.547,3176.088333333333,771,1818,0.424,104,338,0.308,656,786,0.835,51,248,299,596,344,180,9,101.0,140,0,2302,12,3777.8,24,0,3679.0,5,5,13,7,3,3,3,7,2,2,9,2,3,2,6,2,3,1,1,2,9,13,12,12,2,8,2,1,2,1,1.0,Allen Iverson,0.5319,0.4527,0.1859,1.73
By Year,2003-04,1610612755,PHI,2004-03-20T00:00:00,48,19,29,0.396,2046.8416666666667,435,1125,0.387,57,199,0.286,339,455,0.745,34,144,178,324,209,115,5,69.0,87,0,1266,-91,2116.6,8,0,2065.0,12,13,10,12,11,10,10,17,11,10,13,11,11,12,11,11,11,11,10,10,11,8,7,12,11,15,10,7,2,10,1.0,Allen Iverson,0.4777,0.412,0.1769,1.55
By Year,2002-03,1610612755,PHI,2003-04-16T00:00:00,82,48,34,0.585,3484.07,804,1940,0.414,84,303,0.277,570,736,0.774,68,276,344,454,286,225,13,96.0,149,0,2262,184,3783.8,6,0,3620.0,1,3,13,5,1,2,1,13,6,4,15,5,4,9,4,1,1,6,3,1,4,10,14,12,3,5,1,8,2,2,1.0,Allen Iverson,0.4996,0.4361,0.1562,1.59
By Year,2001-02,1610612755,PHI,2002-03-22T00:00:00,60,36,24,0.6,2624.165,665,1669,0.398,78,268,0.291,475,585,0.812,44,225,269,331,237,168,13,93.0,102,1,1883,283,3008.3,4,1,2923.0,9,6,7,3,9,7,6,16,7,6,12,6,7,6,9,3,6,8,7,5,4,9,9,10,7,3,9,10,1,9,1.0,Allen Iverson,0.4887,0.4218,0.1606,1.4
By Year,2000-01,1610612755,PHI,2001-04-15T00:00:00,71,50,21,0.704,2975.858333333333,762,1813,0.42,98,306,0.32,585,719,0.814,50,223,273,325,237,178,20,96.0,147,1,2207,371,3379.1,4,0,3299.0,7,1,6,1,7,4,4,9,3,3,8,4,5,5,7,4,5,10,7,3,3,10,13,10,4,1,5,10,2,5,1.0,Allen Iverson,0.5182,0.4473,0.1688,1.37
By Year,1999-00,1610612755,PHI,2000-04-17T00:00:00,70,42,28,0.6,2855.971666666667,729,1733,0.421,89,261,0.341,442,620,0.713,71,196,267,328,230,144,5,136.0,162,34,1989,129,3018.4,1,0,2971.0,8,4,9,3,8,5,5,8,5,7,4,7,6,15,3,7,7,9,9,8,11,17,15,7,6,6,8,14,2,8,1.0,Allen Iverson,0.4958,0.4463,0.1506,1.43
By Year,1998-99,1610612755,PHI,1999-05-05T00:00:00,48,28,20,0.583,1991.19,435,1056,0.412,58,199,0.291,356,474,0.751,66,170,236,223,167,110,7,55.0,98,0,1284,187,2085.7,4,0,2035.0,12,9,5,6,12,10,11,15,10,10,11,10,10,11,5,10,9,13,12,11,10,7,8,12,10,4,11,10,2,11,1.0,Allen Iverson,0.5077,0.4394,0.1884,1.34
By Year,1997-98,1610612755,PHI,1998-04-19T00:00:00,80,31,49,0.388,3152.1966666666667,649,1407,0.461,70,235,0.298,390,535,0.729,86,210,296,494,244,176,25,107.0,200,0,1758,-93,3213.2,12,0,3020.0,3,8,16,13,4,8,9,2,9,8,10,8,9,13,2,5,4,5,6,4,1,16,16,12,9,16,7,5,2,7,1.0,Allen Iverson,0.5352,0.4861,0.167,2.02
By Year,1996-97,1610612755,PHI,1997-04-19T00:00:00,76,20,56,0.263,3041.4066666666668,625,1504,0.416,155,455,0.341,382,544,0.702,115,197,312,567,337,157,24,106.0,233,0,1787,-438,3217.9,19,0,3183.0,4,12,17,16,6,9,8,12,1,1,5,9,8,16,1,6,2,3,2,7,2,15,17,12,8,17,6,2,2,6,1.0,Allen Iverson,0.5125,0.4671,0.3025,1.68
By Year,2018-19,1610612742,DAL,2019-04-10T00:00:00,51,17,34,0.333,795.14,135,376,0.359,64,205,0.312,39,50,0.78,5,153,158,35,18,9,18,2.0,76,40,373,-65,678.1,1,0,684.0,20,20,18,20,21,21,20,21,18,15,20,21,21,20,21,20,21,21,21,21,21,1,1,15,21,21,21,21,3,21,1.0,Dirk Nowitzki,0.4686,0.4441,0.5452,1.94
By Year,2017-18,1610612742,DAL,2018-04-03T00:00:00,77,24,53,0.312,1900.3383333333331,346,758,0.456,138,337,0.409,97,108,0.898,22,416,438,120,51,43,45,5.0,146,119,927,-55,1845.6,5,0,1799.0,10,18,21,21,17,17,17,17,4,5,4,20,20,5,20,15,16,18,19,14,14,2,6,13,17,20,17,19,3,17,1.0,Dirk Nowitzki,0.5754,0.5475,0.4446,2.35
By Year,2016-17,1610612742,DAL,2017-04-11T00:00:00,54,23,31,0.426,1424.235,296,678,0.437,79,209,0.378,98,112,0.875,23,330,353,82,51,30,38,11.0,113,120,769,-13,1468.6,8,0,1419.0,18,19,15,18,19,19,19,19,12,14,14,19,19,14,19,18,19,19,19,19,16,3,4,12,19,18,19,15,3,19,1.0,Dirk Nowitzki,0.5287,0.4948,0.3083,1.61
By Year,2015-16,1610612742,DAL,2016-04-13T00:00:00,75,38,37,0.507,2363.5066666666667,498,1112,0.448,126,342,0.368,250,280,0.893,52,437,489,132,84,52,52,14.0,161,302,1372,254,2384.8,10,0,2327.0,15,15,19,16,14,14,14,18,6,4,15,16,16,7,12,13,14,16,15,11,12,4,8,10,14,13,14,13,3,14,1.0,Dirk Nowitzki,0.5554,0.5045,0.3076,1.57
By Year,2014-15,1610612742,DAL,2015-04-15T00:00:00,77,47,30,0.61,2281.625,487,1062,0.459,104,274,0.38,255,289,0.882,44,413,457,143,82,39,33,23.0,160,304,1333,240,2229.9,6,0,2181.0,10,13,13,11,15,15,15,15,9,9,11,15,15,10,15,16,15,14,16,16,18,8,7,9,16,15,15,16,3,15,1.0,Dirk Nowitzki,0.5605,0.5075,0.258,1.74
By Year,2013-14,1610612742,DAL,2014-04-16T00:00:00,80,48,32,0.6,2628.068333333333,633,1273,0.497,131,329,0.398,338,376,0.899,40,458,498,216,117,73,45,19.0,165,377,1735,322,2893.6,6,0,2816.0,6,12,16,13,12,7,9,3,5,6,7,12,12,4,17,12,13,7,13,6,14,6,10,6,10,11,11,16,3,11,1.0,Dirk Nowitzki,0.6031,0.5487,0.2584,1.85
By Year,2012-13,1610612742,DAL,2013-04-17T00:00:00,53,28,25,0.528,1661.3983333333333,343,728,0.471,65,157,0.414,166,193,0.86,37,326,363,132,70,38,37,18.0,93,207,917,56,1705.6,6,0,1627.0,19,17,7,15,18,18,18,10,17,19,3,17,17,16,18,19,18,16,18,17,17,5,2,11,18,17,18,16,3,18,1.0,Dirk Nowitzki,0.564,0.5158,0.2157,1.89
By Year,2011-12,1610612742,DAL,2012-04-26T00:00:00,62,33,29,0.532,2079.155,473,1034,0.457,78,212,0.368,318,355,0.896,46,372,418,136,117,42,30,29.0,129,316,1342,261,2146.6,11,0,2118.0,17,16,11,14,16,16,16,16,14,13,16,13,13,6,14,17,17,15,13,15,19,9,5,8,15,12,16,12,3,16,1.0,Dirk Nowitzki,0.5638,0.4952,0.205,1.16
By Year,2010-11,1610612742,DAL,2011-04-13T00:00:00,73,55,18,0.753,2503.9366666666665,610,1179,0.517,66,168,0.393,395,443,0.892,50,463,513,190,137,38,47,31.0,172,353,1681,535,2699.6,16,0,2620.0,16,5,2,2,13,9,12,1,16,18,9,10,10,8,13,11,12,11,11,17,13,10,12,7,11,4,12,11,3,12,1.0,Dirk Nowitzki,0.6118,0.5454,0.1425,1.39
By Year,2009-10,1610612742,DAL,2010-04-14T00:00:00,81,54,27,0.667,3038.681666666667,720,1496,0.481,51,121,0.421,536,586,0.915,80,540,620,218,149,70,79,50.0,208,495,2027,343,3396.0,19,1,3214.0,3,6,8,7,5,3,3,4,20,20,1,3,3,1,11,10,10,6,8,7,6,13,16,1,4,10,5,10,1,6,1.0,Dirk Nowitzki,0.5779,0.4983,0.0809,1.46
By Year,2008-09,1610612742,DAL,2009-04-15T00:00:00,81,49,32,0.605,3050.458333333333,774,1616,0.479,61,170,0.359,485,545,0.89,88,593,681,197,157,61,63,49.0,176,470,2094,245,3421.7,26,0,3281.0,3,9,16,12,4,1,1,7,19,17,18,5,6,9,9,6,7,10,4,9,10,12,13,3,2,14,4,8,3,4,1.0,Dirk Nowitzki,0.5642,0.4978,0.1052,1.25
By Year,2007-08,1610612742,DAL,2008-04-16T00:00:00,77,49,28,0.636,2768.648333333333,630,1314,0.479,79,220,0.359,478,544,0.879,95,564,659,266,160,51,71,58.0,198,426,1817,482,3212.8,25,1,3065.0,10,9,9,9,11,8,7,6,12,12,17,7,7,12,7,9,9,1,3,13,8,19,14,4,7,7,10,9,1,9,1.0,Dirk Nowitzki,0.5849,0.5095,0.1674,1.66
By Year,2006-07,1610612742,DAL,2007-04-18T00:00:00,78,64,14,0.821,2820.3,673,1341,0.502,72,173,0.416,498,551,0.904,122,571,693,263,167,52,62,50.0,171,422,1916,626,3317.1,41,0,3172.0,8,1,1,1,10,5,6,2,15,16,2,4,4,2,1,8,6,2,2,11,11,13,11,5,6,2,7,1,3,8,1.0,Dirk Nowitzki,0.605,0.5287,0.129,1.57
By Year,2005-06,1610612742,DAL,2006-04-16T00:00:00,81,60,21,0.741,3088.978333333333,751,1564,0.48,110,271,0.406,539,598,0.901,115,613,728,226,156,58,83,71.0,164,481,2151,509,3630.6,35,0,3497.0,3,2,3,3,3,2,2,5,8,10,5,2,2,3,4,5,5,5,5,10,4,21,9,2,1,6,3,6,3,3,1.0,Dirk Nowitzki,0.5886,0.5153,0.1733,1.45
By Year,2004-05,1610612742,DAL,2005-04-20T00:00:00,78,56,22,0.718,3028.193333333333,663,1445,0.459,91,228,0.399,615,708,0.869,96,661,757,240,176,97,119,56.0,219,0,2032,585,3772.4,37,0,3552.0,8,4,5,5,6,6,5,14,11,11,6,1,1,15,6,2,2,3,1,2,1,18,18,17,3,3,1,5,3,2,1.0,Dirk Nowitzki,0.5784,0.4903,0.1578,1.36
By Year,2003-04,1610612742,DAL,2004-04-14T00:00:00,77,49,28,0.636,2919.845,605,1310,0.462,99,290,0.341,371,423,0.877,90,580,670,207,135,92,104,34.0,216,0,1680,408,3247.5,31,0,3048.0,10,9,9,9,8,10,8,12,10,8,19,11,11,13,8,7,8,8,12,3,2,11,17,17,12,9,9,7,3,10,1.0,Dirk Nowitzki,0.5615,0.4996,0.2214,1.53
By Year,2002-03,1610612742,DAL,2003-04-16T00:00:00,80,59,21,0.738,3121.16,690,1489,0.463,148,390,0.379,483,548,0.881,81,710,791,239,152,111,82,50.0,206,0,2011,778,3745.7,41,0,3575.0,6,3,3,4,2,4,4,11,2,1,12,6,5,11,10,1,1,4,7,1,5,13,15,17,5,1,2,1,3,1,1.0,Dirk Nowitzki,0.5812,0.5131,0.2619,1.57
By Year,2001-02,1610612742,DAL,2002-04-17T00:00:00,76,53,23,0.697,2890.955,600,1258,0.477,139,350,0.397,440,516,0.853,120,635,755,186,145,83,77,62.0,222,0,1779,411,3299.0,38,0,3179.0,14,7,6,6,9,11,10,8,3,3,8,9,9,17,2,3,3,12,9,4,7,20,19,17,9,8,8,3,3,7,1.0,Dirk Nowitzki,0.599,0.5322,0.2782,1.28
By Year,2000-01,1610612742,DAL,2001-04-18T00:00:00,82,53,29,0.646,3122.7533333333336,591,1247,0.474,151,390,0.387,451,538,0.838,119,635,754,173,156,79,101,51.0,245,2,1784,533,3332.3,38,0,3222.0,1,7,11,8,1,12,11,9,1,1,10,8,8,18,3,3,4,13,5,5,3,16,20,16,8,5,6,3,3,5,1.0,Dirk Nowitzki,0.6012,0.5345,0.3128,1.11
By Year,1999-00,1610612742,DAL,2000-04-19T00:00:00,82,40,42,0.488,2940.94,515,1118,0.461,116,306,0.379,289,348,0.83,102,430,532,203,141,63,68,54.0,256,52,1435,94,2629.9,9,0,2548.0,1,14,20,17,7,13,13,13,7,7,13,14,14,19,5,14,11,9,10,8,9,17,21,14,13,16,13,14,3,13,1.0,Dirk Nowitzki,0.5645,0.5125,0.2737,1.44
By Year,1998-99,1610612742,DAL,1999-05-04T00:00:00,47,17,30,0.362,959.2183333333334,136,336,0.405,14,68,0.206,99,128,0.773,41,121,162,47,73,29,27,22.0,105,0,385,-17,744.9,2,0,720.0,21,20,13,19,20,20,21,20,21,21,21,18,18,21,16,21,20,20,17,20,20,7,3,17,20,19,20,20,3,20,1.0,Dirk Nowitzki,0.4907,0.4256,0.2024,0.64
By Year,2025-26,1610612747,LAL,2026-04-05T00:00:00,57,36,21,0.632,1908.6,446,871,0.512,72,233,0.309,220,298,0.738,43,303,346,403,169,63,34,43.0,79,210,1184,59,2325.7,15,3,2199.0,19,18,9,12,22,22,22,11,21,21,21,22,22,14,22,23,22,19,22,21,19,8,3,20,22,20,22,21,16,22,,LeBron James,0.5907,0.5534,0.2675,2.38
By Year,2024-25,1610612747,LAL,2025-04-11T00:00:00,70,44,26,0.629,2444.45,651,1270,0.513,149,396,0.376,259,331,0.782,72,474,546,575,260,70,39,51.0,99,265,1710,-54,3294.7,32,10,3198.0,15,15,14,13,16,14,16,10,2,4,4,19,20,1,14,9,11,8,10,20,16,13,7,19,15,21,15,5,4,15,,LeBron James,0.604,0.5713,0.3118,2.21
By Year,2023-24,1610612747,LAL,2024-04-14T00:00:00,71,41,30,0.577,2503.75,685,1269,0.54,149,363,0.41,303,404,0.75,61,457,518,589,245,89,38,59.0,78,308,1822,218,3463.1,27,5,3332.0,14,16,16,18,14,13,17,5,2,9,1,16,17,11,19,12,15,5,15,16,17,15,2,16,13,14,13,12,9,13,,LeBron James,0.6297,0.5985,0.2861,2.4
By Year,2022-23,1610612747,LAL,2023-04-09T00:00:00,55,30,25,0.545,1953.933333,609,1219,0.5,121,377,0.321,251,327,0.768,65,392,457,375,178,50,32,47.0,88,273,1590,214,2768.9,18,2,2707.0,21,20,12,19,20,20,19,15,10,8,18,21,21,4,17,19,19,21,21,22,21,11,4,18,20,15,21,18,18,21,,LeBron James,0.5833,0.5492,0.3093,2.11
By Year,2021-22,1610612747,LAL,2022-04-01T00:00:00,56,25,31,0.446,2084.366666,640,1221,0.524,161,448,0.359,254,336,0.756,63,396,459,349,196,73,59,46.0,121,306,1695,-117,2969.3,21,6,2928.0,20,23,18,22,19,16,18,7,1,1,9,20,19,7,18,18,18,23,20,18,7,10,11,17,17,22,19,16,8,19,,LeBron James,0.6191,0.5901,0.3669,1.78
By Year,2020-21,1610612747,LAL,2021-05-16T00:00:00,45,30,15,0.667,1503.716666,422,823,0.513,104,285,0.365,178,255,0.698,29,317,346,350,168,48,25,27.0,70,206,1126,287,2117.2,18,5,2072.0,23,20,1,11,23,23,23,9,16,17,6,23,23,19,23,22,22,22,23,23,23,3,1,21,23,12,23,18,9,23,,LeBron James,0.602,0.5759,0.3463,2.08
By Year,2019-20,1610612747,LAL,2020-08-13T00:00:00,67,50,17,0.746,2316.3,643,1303,0.493,148,425,0.348,264,381,0.693,66,459,525,684,261,78,36,59.0,118,339,1698,443,3435.0,46,13,3283.0,17,8,5,4,18,15,14,16,5,2,12,18,18,21,16,10,14,2,8,17,18,15,9,14,16,9,14,2,2,14,,LeBron James,0.5773,0.5503,0.3262,2.62
By Year,2018-19,1610612747,LAL,2019-03-29T00:00:00,55,28,27,0.509,1937.433333,558,1095,0.51,111,327,0.339,278,418,0.665,57,408,465,454,197,72,33,52.0,94,320,1505,116,2862.0,32,8,2745.0,21,22,15,21,21,21,21,13,14,13,14,17,16,23,20,16,17,18,19,19,20,14,5,15,21,18,20,5,5,20,,LeBron James,0.5884,0.5603,0.2986,2.3
By Year,2017-18,1610612739,CLE,2018-04-11T00:00:00,82,50,32,0.61,3025.666666,857,1580,0.542,149,406,0.367,388,531,0.731,97,612,709,747,347,116,71,68.0,136,439,2251,104,4436.3,52,18,4230.0,1,8,20,14,8,2,6,4,2,3,5,10,10,16,6,1,1,1,1,11,4,20,15,9,4,19,1,1,1,1,,LeBron James,0.6206,0.5896,0.257,2.15
By Year,2016-17,1610612739,CLE,2017-04-09T00:00:00,74,51,23,0.689,2794.583333,736,1344,0.548,124,342,0.363,358,531,0.674,97,542,639,646,303,92,44,60.0,134,440,1954,483,3794.8,42,13,3635.0,13,7,11,9,12,12,13,3,9,11,7,14,10,22,6,2,2,4,2,15,15,18,13,8,11,7,9,3,2,9,,LeBron James,0.6193,0.5938,0.2545,2.13
By Year,2015-16,1610612739,CLE,2016-04-11T00:00:00,76,56,20,0.737,2708.55,737,1416,0.52,87,282,0.309,359,491,0.731,111,454,565,514,249,104,49,69.0,143,413,1920,618,3579.0,28,3,3392.0,9,5,8,5,13,11,10,8,20,18,22,13,14,15,2,13,8,13,14,14,13,21,17,11,12,5,12,11,16,12,,LeBron James,0.5882,0.5512,0.1992,2.06
By Year,2014-15,1610612739,CLE,2015-04-13T00:00:00,69,50,19,0.725,2493.433333,624,1279,0.488,120,339,0.354,375,528,0.71,51,365,416,511,272,109,49,48.0,135,412,1743,539,3210.7,22,2,3106.0,16,8,7,7,15,17,15,18,11,12,10,12,12,18,21,20,21,14,5,13,13,12,14,12,14,6,16,15,18,16,,LeBron James,0.5766,0.5348,0.2651,1.88
By Year,2013-14,1610612748,MIA,2014-04-12T00:00:00,77,52,25,0.675,2901.866666,767,1353,0.567,116,306,0.379,439,585,0.75,81,452,533,488,270,121,26,42.0,126,459,2089,410,3631.6,12,1,3520.0,8,6,12,10,10,8,12,1,12,16,3,8,8,10,11,14,12,15,6,10,22,7,12,7,9,10,11,22,20,11,,LeBron James,0.6486,0.6098,0.2262,1.81
By Year,2012-13,1610612748,MIA,2013-04-14T00:00:00,76,61,15,0.803,2877.05,765,1354,0.565,103,254,0.406,403,535,0.753,97,513,610,551,226,129,67,41.0,110,439,2036,720,3956.5,36,4,3692.0,9,2,1,2,11,9,11,2,17,20,2,9,9,9,6,3,4,10,17,5,5,6,8,9,10,2,7,4,12,8,,LeBron James,0.6405,0.603,0.1876,2.44
By Year,2011-12,1610612748,MIA,2012-04-22T00:00:00,62,45,17,0.726,2326.216666,621,1169,0.531,54,149,0.362,387,502,0.771,94,398,492,387,213,115,50,31.0,96,379,1683,473,3135.9,23,0,2946.0,18,13,5,6,17,19,20,6,23,23,8,11,13,3,9,17,16,20,18,12,11,4,6,13,18,8,18,14,22,18,,LeBron James,0.6054,0.5543,0.1275,1.82
By Year,2010-11,1610612748,MIA,2011-04-11T00:00:00,79,57,22,0.722,3063.016666,758,1485,0.51,92,279,0.33,503,663,0.759,80,510,590,554,284,124,50,38.0,163,466,2111,619,3888.0,31,4,3695.0,4,4,10,8,5,10,9,12,19,19,17,5,6,6,12,4,6,9,3,8,11,5,20,6,8,4,8,7,12,7,,LeBron James,0.5941,0.5414,0.1879,1.95
By Year,2009-10,1610612739,CLE,2010-04-06T00:00:00,76,60,16,0.789,2965.783333,768,1528,0.503,129,387,0.333,593,773,0.767,71,483,554,651,261,125,77,43.0,119,531,2258,648,4244.3,31,4,3996.0,9,3,4,3,9,7,7,14,7,5,16,3,2,5,15,6,10,3,8,6,3,8,10,4,3,3,3,7,12,4,,LeBron James,0.6044,0.5448,0.2533,2.49
By Year,2008-09,1610612739,CLE,2009-04-13T00:00:00,81,66,15,0.815,3054.066666,789,1613,0.489,132,384,0.344,594,762,0.78,106,507,613,587,241,137,93,59.0,139,583,2304,870,4369.1,29,7,4096.0,2,1,1,1,6,5,5,17,6,6,13,2,4,2,4,5,3,6,16,3,1,15,16,3,2,1,2,10,6,2,,LeBron James,0.5913,0.5301,0.2381,2.44
By Year,2007-08,1610612739,CLE,2008-04-14T00:00:00,75,45,30,0.6,3026.833333,794,1642,0.484,113,359,0.315,549,771,0.712,133,459,592,539,255,138,81,61.0,165,590,2250,139,4170.9,31,7,3932.0,12,13,16,16,7,4,3,19,13,10,20,4,3,17,1,10,5,11,12,2,2,19,21,2,5,17,6,7,6,5,,LeBron James,0.5678,0.518,0.2186,2.11
By Year,2006-07,1610612739,CLE,2007-04-18T00:00:00,78,47,31,0.603,3190.316666,772,1621,0.476,99,310,0.319,489,701,0.698,83,443,526,470,250,125,55,,171,517,2132,377,3758.2,16,1,3587.0,7,11,18,15,3,6,4,21,18,14,19,6,5,20,10,15,13,16,13,6,9,1,22,5,7,11,10,20,20,10,,LeBron James,0.5525,0.5068,0.1912,1.88
By Year,2005-06,1610612739,CLE,2006-04-16T00:00:00,79,47,32,0.595,3360.616666,875,1823,0.48,127,379,0.335,601,814,0.738,75,481,556,521,260,123,66,0.0,181,591,2478,274,4233.7,21,5,4060.0,4,11,20,17,2,1,1,20,8,7,15,1,1,13,13,7,9,12,10,9,6,2,23,1,1,13,4,16,9,3,,LeBron James,0.568,0.5148,0.2079,2.0
By Year,2004-05,1610612739,CLE,2005-04-20T00:00:00,80,41,39,0.513,3387.883333,795,1684,0.472,108,308,0.351,477,636,0.75,111,477,588,577,262,177,52,71.0,146,0,2175,151,4171.1,25,4,3906.0,3,16,22,20,1,3,2,22,15,15,11,7,7,11,2,8,7,7,7,1,10,22,18,22,6,16,5,13,12,6,,LeBron James,0.5538,0.5042,0.1829,2.2
By Year,2003-04,1610612739,CLE,2004-04-14T00:00:00,79,33,46,0.418,3120.033333,622,1492,0.417,63,217,0.29,347,460,0.754,99,333,432,465,273,130,58,76.0,149,0,1654,-143,3160.9,12,0,2990.0,4,19,23,23,4,18,8,23,22,22,23,15,15,8,5,21,20,17,4,4,8,23,19,22,19,23,17,22,22,17,,LeBron James,0.4881,0.438,0.1454,1.7
By Year,2025-26,1610612744,GSW,2026-04-07T00:00:00,41,24,17,0.585,1272.833333,364,777,0.468,184,469,0.392,195,210,0.929,17,128,145,195,115,46,16,25.0,75,192,1107,80,1644.5,3,0,1755.0,15,15,7,10,15,15,15,10,13,13,15,14,14,4,15,15,15,15,15,15,9,4,3,15,15,13,15,14,6,15,,Stephen Curry,0.6366,0.5869,0.6036,1.7
By Year,2024-25,1610612744,GSW,2025-04-13T00:00:00,70,41,29,0.586,2252.45,564,1258,0.448,311,784,0.397,279,299,0.933,40,270,310,421,200,80,30,47.0,95,247,1718,299,2851.5,9,0,2980.0,9,9,13,9,10,9,9,15,6,6,14,7,8,3,9,11,12,8,11,10,1,12,4,9,9,8,9,8,6,9,,Stephen Curry,0.6182,0.5719,0.6232,2.1
By Year,2023-24,1610612744,GSW,2024-04-12T00:00:00,74,43,31,0.581,2421.6,650,1445,0.45,357,876,0.408,299,324,0.923,37,293,330,379,210,54,28,51.0,117,269,1956,189,2956.5,7,0,3186.0,7,8,14,11,8,6,2,14,2,2,13,6,6,5,11,7,10,10,9,13,2,14,6,6,4,11,8,11,6,8,,Stephen Curry,0.616,0.5734,0.6062,1.8
By Year,2022-23,1610612744,GSW,2023-04-09T00:00:00,56,30,26,0.536,1941.166666,559,1133,0.493,273,639,0.427,257,281,0.915,39,302,341,352,179,52,20,41.0,117,219,1648,268,2622.2,12,1,2758.0,13,13,10,13,13,10,12,3,9,9,8,12,12,10,10,5,6,13,13,14,5,10,6,11,10,9,12,5,4,11,,Stephen Curry,0.6557,0.6139,0.564,1.97
By Year,2021-22,1610612744,GSW,2022-03-16T00:00:00,64,45,19,0.703,2211.166666,535,1224,0.437,285,750,0.38,275,298,0.923,34,301,335,404,206,85,23,39.0,130,226,1630,509,2756.0,12,2,2870.0,11,6,9,6,11,11,10,16,8,7,16,9,9,6,13,6,8,9,10,9,4,8,9,10,11,6,11,5,2,10,,Stephen Curry,0.6014,0.5535,0.6127,1.96
By Year,2020-21,1610612744,GSW,2021-05-16T00:00:00,63,37,26,0.587,2151.516666,658,1365,0.482,337,801,0.421,362,395,0.916,29,316,345,363,213,77,8,56.0,119,290,2015,244,3015.5,8,0,3230.0,12,11,10,8,12,3,6,6,4,4,11,2,2,8,14,3,5,11,8,12,14,17,8,4,2,10,7,10,6,5,,Stephen Curry,0.6547,0.6055,0.5868,1.7
By Year,2019-20,1610612744,GSW,2020-03-05T00:00:00,5,1,4,0.2,139.316666,33,82,0.402,12,49,0.245,26,26,1.0,4,22,26,33,16,5,2,4.0,11,19,104,-45,189.7,1,0,189.0,17,17,1,17,17,17,17,17,17,17,17,17,17,1,17,17,17,17,17,17,17,1,1,17,17,16,17,17,6,17,,Stephen Curry,0.5565,0.4756,0.5976,2.06
By Year,2018-19,1610612744,GSW,2019-04-09T00:00:00,69,52,17,0.754,2331.216666,632,1340,0.472,354,810,0.437,263,287,0.916,45,324,369,361,192,92,25,36.0,166,249,1881,689,3024.3,3,0,3199.0,10,4,7,5,9,7,8,8,3,3,6,10,11,9,8,2,2,12,12,8,3,6,12,8,6,4,6,14,6,6,,Stephen Curry,0.6414,0.6037,0.6045,1.88
By Year,2017-18,1610612744,GSW,2018-03-23T00:00:00,51,41,10,0.804,1630.816666,428,864,0.495,212,501,0.423,278,302,0.921,36,225,261,310,153,80,8,21.0,114,207,1346,486,2235.2,5,0,2305.0,14,9,3,4,14,14,14,2,12,12,10,8,7,7,12,14,14,14,14,10,14,3,5,13,14,7,14,12,6,14,,Stephen Curry,0.6751,0.6181,0.5799,2.03
By Year,2016-17,1610612744,GSW,2017-04-12T00:00:00,79,65,14,0.823,2638.583333,675,1443,0.468,324,789,0.411,325,362,0.898,61,292,353,524,239,142,17,55.0,183,277,1999,1015,3446.6,9,0,3518.0,3,3,6,3,5,2,3,11,5,5,12,3,3,14,2,8,4,5,6,4,8,16,13,5,3,2,3,8,6,2,,Stephen Curry,0.6238,0.58,0.5468,2.19
By Year,2015-16,1610612744,GSW,2016-04-13T00:00:00,79,71,8,0.899,2700.0,805,1598,0.504,402,886,0.454,363,400,0.908,68,362,430,527,262,169,15,52.0,161,356,2375,1022,3971.5,15,2,4102.0,3,1,2,1,4,1,1,1,1,1,2,1,1,12,1,1,1,4,2,1,11,15,11,1,1,1,1,3,2,1,,Stephen Curry,0.6694,0.6295,0.5544,2.01
By Year,2014-15,1610612744,GSW,2015-04-15T00:00:00,80,67,13,0.838,2613.233333,653,1341,0.487,286,646,0.443,308,337,0.914,56,285,341,619,249,163,16,36.0,158,298,1900,920,3525.7,23,0,3504.0,1,2,4,2,6,4,7,5,7,8,4,4,5,11,4,10,6,2,3,2,9,6,10,3,5,3,2,2,6,3,,Stephen Curry,0.6379,0.5936,0.4817,2.49
By Year,2013-14,1610612744,GSW,2014-04-14T00:00:00,78,50,28,0.641,2845.866666,652,1383,0.471,261,615,0.424,308,348,0.885,46,288,334,666,294,128,14,34.0,194,311,1873,573,3404.8,28,4,3418.0,5,5,12,7,3,5,5,9,11,10,9,4,4,15,7,9,9,1,1,5,12,5,14,2,7,5,4,1,1,4,,Stephen Curry,0.6097,0.5658,0.4447,2.27
By Year,2012-13,1610612744,GSW,2013-04-17T00:00:00,78,45,33,0.577,2982.6,626,1388,0.451,272,600,0.453,262,291,0.9,59,255,314,539,240,126,12,45.0,198,266,1786,135,3145.3,15,0,3187.0,5,6,15,12,1,8,4,13,10,11,3,11,10,13,3,12,11,3,5,6,13,11,15,7,8,12,5,3,6,7,,Stephen Curry,0.589,0.549,0.4323,2.25
By Year,2011-12,1610612744,GSW,2012-03-11T00:00:00,26,13,13,0.5,731.85,145,296,0.49,55,121,0.455,38,47,0.809,15,73,88,138,65,39,8,7.0,62,41,383,79,771.6,3,0,758.0,16,16,4,14,16,16,16,4,16,16,1,16,16,17,16,16,16,16,16,16,14,2,2,16,16,14,16,14,6,16,,Stephen Curry,0.6047,0.5828,0.4088,2.12
By Year,2010-11,1610612744,GSW,2011-04-13T00:00:00,74,33,41,0.446,2489.05,505,1053,0.48,151,342,0.442,212,227,0.934,52,234,286,432,226,109,20,40.0,233,193,1373,-17,2525.2,5,0,2500.0,7,12,16,15,7,13,13,7,15,15,5,13,13,2,5,13,13,7,7,7,5,9,16,14,13,15,13,12,6,13,,Stephen Curry,0.5955,0.5513,0.3248,1.91
By Year,2009-10,1610612744,GSW,2010-04-14T00:00:00,80,25,55,0.313,2896.233333,528,1143,0.462,166,380,0.437,177,200,0.885,48,308,356,472,243,152,19,49.0,252,208,1399,-186,2804.2,12,1,2735.0,1,14,17,16,2,12,11,12,14,14,7,15,15,16,6,4,3,6,4,3,7,13,17,12,12,17,10,5,4,12,,Stephen Curry,0.5682,0.5346,0.3325,1.94
By Year,2025-26,1610612745,HOU,2026-04-07T00:00:00,76,47,29,0.618,2763.366666,693,1340,0.517,183,443,0.413,395,450,0.878,39,373,412,360,240,61,69,38.0,139,363,1964,326,3148.4,7,0,3179.0,7,9,14,14,8,8,10,9,3,3,7,9,9,10,10,13,12,7,7,11,12,7,14,6,8,9,9,14,10,8,,Kevin Durant,0.6385,0.5854,0.3306,1.5
By Year,2024-25,1610612756,PHX,2025-03-30T00:00:00,62,33,29,0.532,2264.683333,592,1124,0.527,160,372,0.43,303,361,0.839,23,351,374,263,190,50,77,32.0,104,331,1647,-38,2681.3,5,0,2698.0,13,13,14,17,13,12,13,5,6,8,3,15,15,18,15,14,14,10,14,13,8,6,5,9,12,17,14,15,10,14,,Kevin Durant,0.6419,0.5979,0.331,1.38
By Year,2023-24,1610612756,PHX,2024-04-14T00:00:00,75,44,31,0.587,2790.6,751,1436,0.523,168,407,0.413,362,423,0.856,41,454,495,378,244,69,91,49.0,133,361,2032,291,3429.0,14,1,3393.0,8,11,16,16,6,3,4,6,5,6,8,12,11,16,8,9,9,3,6,8,4,15,9,7,5,10,6,11,6,6,,Kevin Durant,0.6263,0.5815,0.2834,1.55
By Year,2022-23,-1,TOT,2023-04-06T00:00:00,47,34,13,0.723,1671.733333,483,862,0.56,93,230,0.404,307,334,0.919,17,296,313,235,156,34,67,25.0,99,272,1366,258,2241.1,5,1,2209.0,1,1,1,1,1,1,1,1,1,1,1,1,1,1,1,1,1,1,1,1,1,1,1,1,1,1,1,1,1,1,,Kevin Durant,0.6769,0.6143,0.2668,1.51
By Year,2022-23,1610612756,PHX,2023-04-06T00:00:00,8,8,0,1.0,269.216666,73,128,0.57,22,41,0.537,40,48,0.833,3,48,51,28,20,2,10,4.0,7,37,208,69,327.2,0,0,333.0,19,19,1,1,19,19,19,1,19,19,1,19,19,19,19,19,19,19,19,19,19,1,1,19,19,16,19,19,10,19,,Kevin Durant,0.6974,0.6562,0.3203,1.4
By Year,2022-23,1610612751,BKN,2023-01-08T00:00:00,39,26,13,0.667,1402.516666,410,734,0.559,71,189,0.376,267,286,0.934,14,248,262,207,136,32,57,21.0,92,235,1158,189,1913.9,5,1,1876.0,16,14,5,9,16,16,16,2,16,16,14,16,16,1,17,16,16,14,16,16,14,3,4,16,16,14,16,15,6,16,,Kevin Durant,0.6734,0.6069,0.2575,1.52
By Year,2021-22,1610612751,BKN,2022-04-10T00:00:00,55,36,19,0.655,2047.4,578,1115,0.518,115,300,0.383,372,409,0.91,29,378,407,351,191,48,52,38.0,113,325,1643,269,2766.9,18,4,2716.0,15,12,6,13,15,14,14,8,13,13,13,11,12,2,14,12,13,8,13,15,16,7,6,12,13,13,13,6,1,13,,Kevin Durant,0.6344,0.57,0.2691,1.84
By Year,2020-21,1610612751,BKN,2021-05-16T00:00:00,35,23,12,0.657,1156.766666,324,603,0.537,85,189,0.45,210,238,0.882,13,234,247,195,120,25,45,25.0,70,187,943,279,1621.9,12,0,1610.0,17,15,4,12,17,17,17,3,15,16,2,17,17,8,18,17,17,16,17,17,17,4,3,17,17,11,17,13,10,17,,Kevin Durant,0.6662,0.6078,0.3134,1.62
By Year,2018-19,1610612744,GSW,2019-04-10T00:00:00,78,54,24,0.692,2701.533333,721,1383,0.521,137,388,0.353,448,506,0.885,33,464,497,457,225,58,84,38.0,155,381,2027,657,3509.9,16,2,3402.0,5,3,12,8,9,5,7,7,9,7,17,6,6,7,12,8,8,1,9,12,6,7,16,5,7,3,4,8,4,5,,Kevin Durant,0.6312,0.5709,0.2805,2.03
By Year,2017-18,1610612744,GSW,2018-04-10T00:00:00,68,49,19,0.721,2325.1,630,1222,0.516,173,413,0.419,359,404,0.889,31,433,464,366,207,50,119,38.0,133,326,1792,349,3197.8,15,2,3133.0,11,8,6,5,12,11,12,10,4,5,5,13,13,6,13,10,11,5,12,13,1,7,9,10,11,8,8,9,4,9,,Kevin Durant,0.6401,0.5863,0.338,1.77
By Year,2016-17,1610612744,GSW,2017-04-12T00:00:00,62,51,11,0.823,2070.366666,551,1026,0.537,117,312,0.375,336,384,0.875,39,474,513,300,138,66,99,27.0,117,283,1555,711,2977.6,23,1,2815.0,13,6,3,2,14,15,15,4,12,12,15,14,14,11,10,7,7,9,15,10,3,5,7,15,15,2,12,4,6,12,,Kevin Durant,0.6506,0.5941,0.3041,2.17
By Year,2015-16,1610612760,OKC,2016-04-11T00:00:00,72,52,20,0.722,2577.633333,698,1381,0.505,186,481,0.387,447,498,0.898,45,544,589,361,250,69,85,38.0,137,326,2029,647,3489.3,27,1,3473.0,10,4,9,4,10,7,8,13,2,2,11,7,8,5,7,2,4,6,4,8,5,7,13,10,6,4,5,1,6,4,,Kevin Durant,0.634,0.5728,0.3483,1.44
By Year,2014-15,1610612760,OKC,2015-02-19T00:00:00,27,18,9,0.667,912.633333,238,467,0.51,64,159,0.403,146,171,0.854,16,162,178,110,74,24,25,8.0,40,133,686,168,1137.6,5,0,1136.0,18,17,2,9,18,18,18,12,17,18,9,18,18,17,16,18,18,18,18,18,18,2,2,18,18,15,18,15,10,18,,Kevin Durant,0.6326,0.5782,0.3405,1.49
By Year,2013-14,1610612760,OKC,2014-04-16T00:00:00,81,58,23,0.716,3121.716666,849,1688,0.503,192,491,0.391,703,805,0.873,58,540,598,445,285,103,59,42.0,174,522,2593,509,4179.1,27,3,4152.0,2,2,11,6,2,1,1,14,1,1,10,2,2,12,4,3,3,2,1,3,13,12,19,3,1,5,1,1,2,1,,Kevin Durant,0.6349,0.5598,0.2909,1.56
By Year,2012-13,1610612760,OKC,2013-04-15T00:00:00,81,60,21,0.741,3118.866666,731,1433,0.51,139,334,0.416,679,750,0.905,46,594,640,374,280,116,105,44.0,143,526,2280,721,3992.0,19,3,3875.0,2,1,10,3,3,4,5,11,8,11,6,3,3,3,6,1,1,4,2,1,2,14,15,2,3,1,2,5,2,2,,Kevin Durant,0.6466,0.5586,0.2331,1.34
By Year,2011-12,1610612760,OKC,2012-04-25T00:00:00,66,47,19,0.712,2546.35,643,1297,0.496,133,344,0.387,431,501,0.86,40,487,527,231,248,88,77,42.0,133,324,1850,369,3075.9,18,0,3071.0,12,9,6,7,11,10,11,15,10,10,12,8,7,15,9,5,6,11,5,5,8,12,9,13,10,7,10,6,10,10,,Kevin Durant,0.6096,0.547,0.2652,0.93
By Year,2010-11,1610612760,OKC,2011-04-13T00:00:00,78,52,26,0.667,3037.65,711,1538,0.462,145,414,0.35,594,675,0.88,57,476,533,214,218,88,76,49.0,159,412,2161,271,3395.6,14,0,3381.0,5,4,13,9,4,6,3,18,7,4,18,4,4,9,5,6,5,13,11,5,10,15,17,4,4,12,7,11,10,7,,Kevin Durant,0.5888,0.5094,0.2692,0.98
By Year,2009-10,1610612760,OKC,2010-04-14T00:00:00,82,50,32,0.61,3239.316666,794,1668,0.476,128,351,0.365,756,840,0.9,105,518,623,231,271,112,84,67.0,171,539,2472,431,3883.1,25,0,3846.0,1,7,17,15,1,2,2,16,11,9,16,1,1,4,1,4,2,11,3,2,6,17,18,1,2,6,3,3,10,3,,Kevin Durant,0.6066,0.5144,0.2104,0.85
By Year,2008-09,1610612760,OKC,2009-04-15T00:00:00,74,18,56,0.243,2884.916666,661,1390,0.476,97,230,0.422,452,524,0.863,77,405,482,205,225,96,53,73.0,134,345,1871,-501,2978.9,15,0,2953.0,9,17,18,18,5,9,6,17,14,14,4,5,5,14,2,11,10,15,9,4,15,18,12,8,9,18,11,9,10,11,,Kevin Durant,0.5773,0.5104,0.1655,0.91
By Year,2007-08,1610612760,SEA,2008-04-16T00:00:00,80,19,61,0.238,2768.016666,587,1366,0.43,59,205,0.288,391,448,0.873,70,278,348,192,232,78,75,85.0,122,311,1624,-651,2556.6,1,0,2529.0,4,16,19,19,7,13,9,19,18,15,19,10,10,13,3,15,15,17,8,7,11,19,8,14,14,19,15,18,10,15,,Kevin Durant,0.5195,0.4513,0.1501,0.83
By Year,2025-26,-1,TOT,2026-04-05T00:00:00,68,39,29,0.574,2379.616666,475,1087,0.437,209,557,0.375,452,513,0.881,39,292,331,548,238,77,28,77.0,134,316,1611,132,2907.2,20,2,2909.0,1,2,3,3,2,1,1,2,1,1,1,2,2,1,2,3,3,2,2,2,3,2,2,2,1,2,2,3,3,2,,James Harden,0.6136,0.5331,0.5124,2.3
By Year,2025-26,1610612739,CLE,2026-04-05T00:00:00,24,18,6,0.75,820.333333,152,316,0.481,74,168,0.44,115,139,0.827,12,107,119,190,76,20,12,17.0,51,85,493,112,940.8,6,0,940.0,18,18,1,3,18,18,18,2,18,18,1,19,19,19,19,19,19,17,18,19,18,2,3,19,18,17,19,16,16,18,,James Harden,0.6536,0.5981,0.5316,2.5
By Year,2025-26,1610612746,LAC,2026-01-30T00:00:00,44,21,23,0.477,1559.283333,323,771,0.419,135,389,0.347,337,374,0.901,27,185,212,358,162,57,16,60.0,83,231,1118,20,1966.4,14,2,1969.0,15,17,9,19,16,12,12,16,12,12,17,10,10,1,17,17,17,14,13,15,16,10,4,15,12,19,13,12,12,13,,James Harden,0.5975,0.5065,0.5045,2.21
By Year,2024-25,1610612746,LAC,2025-04-13T00:00:00,79,50,29,0.633,2789.033333,531,1295,0.41,235,668,0.352,505,578,0.874,55,401,456,687,341,118,55,65.0,162,371,1802,344,3557.7,38,3,3526.0,5,6,17,13,6,9,8,18,6,5,14,9,9,6,8,4,5,2,4,8,5,12,10,9,9,6,7,2,9,7,,James Harden,0.5815,0.5008,0.5158,2.01
By Year,2023-24,1610612746,LAC,2024-04-12T00:00:00,72,46,26,0.639,2469.733333,352,822,0.428,186,488,0.381,302,344,0.878,34,335,369,614,185,77,57,42.0,127,238,1192,291,2772.8,23,3,2629.0,10,9,13,12,10,11,11,15,8,8,4,14,14,5,14,8,9,5,12,12,4,5,8,14,11,8,10,8,9,10,,James Harden,0.6123,0.5414,0.5937,3.32
By Year,2022-23,1610612755,PHI,2023-04-06T00:00:00,58,39,19,0.672,2135.033333,371,842,0.441,161,418,0.385,313,361,0.867,40,314,354,618,195,71,31,52.0,112,267,1216,277,2678.8,36,5,2553.0,14,14,8,6,12,10,10,9,11,11,3,11,12,9,13,10,10,4,11,13,10,9,7,10,10,10,11,3,5,11,,James Harden,0.6075,0.5362,0.4964,3.17
By Year,2021-22,-1,TOT,2022-04-09T00:00:00,65,40,25,0.615,2419.733333,407,992,0.41,148,448,0.33,470,536,0.877,55,445,500,667,284,82,36,93.0,153,375,1432,173,3102.5,42,11,2983.0,2,1,2,2,1,2,2,3,2,2,3,1,1,2,1,1,1,1,1,1,1,3,3,1,2,1,1,1,2,1,,James Harden,0.5831,0.4849,0.4516,2.35
By Year,2021-22,1610612755,PHI,2022-04-09T00:00:00,21,14,7,0.667,792.45,115,286,0.402,46,141,0.326,166,186,0.892,13,136,149,220,72,26,5,27.0,48,120,442,150,971.8,13,2,919.0,19,19,3,8,19,19,19,20,19,19,20,18,18,2,18,18,18,16,19,18,20,3,2,18,19,14,18,14,12,19,,James Harden,0.6008,0.4825,0.493,3.06
By Year,2021-22,1610612751,BKN,2022-02-02T00:00:00,44,26,18,0.591,1627.283333,292,706,0.414,102,307,0.332,304,350,0.869,42,309,351,447,212,56,31,66.0,105,255,990,23,2130.7,29,9,2064.0,15,16,6,16,15,15,13,17,15,14,19,13,13,7,10,11,11,11,10,16,10,13,6,13,15,18,12,6,3,12,,James Harden,0.5756,0.4858,0.4348,2.11
By Year,2020-21,-1,TOT,2021-05-15T00:00:00,44,31,13,0.705,1608.866666,342,734,0.466,121,334,0.362,278,323,0.861,35,313,348,475,177,53,33,47.0,99,224,1083,102,2294.1,32,12,2199.0,3,3,1,1,3,3,3,1,3,3,2,3,3,3,3,2,2,3,3,3,2,1,1,3,3,3,3,2,1,3,,James Harden,0.6181,0.5484,0.455,2.68
By Year,2020-21,1610612751,BKN,2021-05-15T00:00:00,36,29,7,0.806,1318.85,282,599,0.471,96,262,0.366,225,263,0.856,30,277,307,392,143,46,27,36.0,85,186,885,141,1917.4,28,12,1826.0,17,15,3,2,17,16,16,3,16,16,11,16,16,14,15,13,13,13,14,17,13,4,5,17,16,15,14,7,2,14,,James Harden,0.6191,0.5509,0.4374,2.74
By Year,2020-21,1610612745,HOU,2021-01-12T00:00:00,8,2,6,0.25,290.016666,60,135,0.444,25,72,0.347,53,60,0.883,5,36,41,83,34,7,6,11.0,14,38,198,-39,376.7,4,0,373.0,20,20,1,20,20,20,20,6,20,20,16,20,20,3,20,20,20,20,20,20,19,1,1,20,20,20,20,17,16,20,,James Harden,0.6134,0.537,0.5333,2.44
By Year,2019-20,1610612745,HOU,2020-08-14T00:00:00,68,43,25,0.632,2482.55,672,1514,0.444,299,843,0.355,692,800,0.865,70,376,446,512,308,125,60,92.0,227,524,2335,286,3885.2,22,4,3962.0,12,11,10,14,9,4,4,7,2,2,13,5,5,11,3,6,6,9,7,6,1,15,18,5,4,9,5,10,6,4,,James Harden,0.6257,0.5426,0.5568,1.66
By Year,2018-19,1610612745,HOU,2019-04-09T00:00:00,78,51,27,0.654,2866.733333,843,1909,0.442,378,1028,0.368,754,858,0.879,66,452,518,586,387,158,58,112.0,244,564,2818,358,4579.6,34,7,4732.0,6,5,14,11,5,1,1,8,1,1,8,1,2,4,4,2,2,7,2,1,3,20,20,1,1,5,1,4,4,1,,James Harden,0.6162,0.5406,0.5385,1.51
By Year,2017-18,1610612745,HOU,2018-04-10T00:00:00,72,59,13,0.819,2550.816666,651,1449,0.449,265,722,0.367,624,727,0.858,41,348,389,630,315,126,50,98.0,169,505,2191,524,3815.8,31,4,3827.0,10,1,5,1,8,5,6,5,3,4,9,7,7,13,12,7,7,3,6,5,7,17,11,6,6,1,6,5,6,6,,James Harden,0.6193,0.5407,0.4983,2.0
By Year,2016-17,1610612745,HOU,2017-04-12T00:00:00,81,54,27,0.667,2946.716666,674,1533,0.44,262,756,0.347,746,881,0.847,95,564,659,907,464,121,38,86.0,215,500,2356,425,4520.3,64,22,4502.0,3,4,14,8,4,3,3,11,4,3,18,2,1,16,1,1,1,1,1,7,8,14,17,7,3,2,2,1,1,2,,James Harden,0.6133,0.5251,0.4932,1.95
By Year,2015-16,1610612745,HOU,2016-04-13T00:00:00,82,41,41,0.5,3124.683333,710,1617,0.439,236,657,0.359,720,837,0.86,63,438,501,612,374,139,51,95.0,229,555,2376,125,4091.2,23,3,4105.0,1,13,20,18,1,2,2,12,5,6,12,3,3,12,5,3,3,6,3,4,6,16,19,2,2,16,3,8,9,3,,James Harden,0.5984,0.5121,0.4063,1.64
By Year,2014-15,1610612745,HOU,2015-04-15T00:00:00,81,56,25,0.691,2980.883333,647,1470,0.44,208,555,0.375,715,824,0.868,75,384,459,565,321,154,60,106.0,208,542,2217,335,3936.3,21,4,3877.0,3,2,10,5,3,6,5,10,7,7,6,4,4,8,2,5,4,8,5,2,1,18,16,3,5,7,4,11,6,5,,James Harden,0.6049,0.5109,0.3776,1.76
By Year,2013-14,1610612745,HOU,2014-04-14T00:00:00,73,48,25,0.658,2777.483333,549,1205,0.456,177,483,0.366,576,665,0.866,61,283,344,446,265,115,29,61.0,177,427,1851,409,3099.8,14,1,3106.0,9,7,10,10,7,8,9,4,10,10,10,8,8,10,7,12,12,12,9,9,12,11,12,8,8,3,9,12,14,9,,James Harden,0.618,0.529,0.4008,1.68
By Year,2012-13,1610612745,HOU,2013-04-17T00:00:00,78,43,35,0.551,2984.55,585,1337,0.438,179,486,0.368,674,792,0.851,62,317,379,455,295,142,38,106.0,178,534,2023,197,3405.3,9,1,3396.0,6,11,19,17,2,7,7,13,9,9,7,6,6,15,6,9,8,10,8,3,8,18,13,4,7,12,8,15,14,8,,James Harden,0.6001,0.5045,0.3635,1.54
By Year,2011-12,1610612760,OKC,2012-04-22T00:00:00,62,44,18,0.71,1946.066666,309,629,0.491,114,292,0.39,312,369,0.846,30,222,252,229,137,62,15,50.0,150,262,1044,367,1783.9,0,0,1793.0,13,10,6,4,13,13,15,1,13,15,2,12,11,17,15,14,15,15,15,14,17,8,9,11,13,4,16,18,16,15,,James Harden,0.6596,0.5819,0.4642,1.67
By Year,2010-11,1610612760,OKC,2011-04-13T00:00:00,82,55,27,0.671,2188.616666,298,684,0.436,113,324,0.349,289,343,0.843,42,213,255,176,106,92,24,46.0,207,257,998,210,1810.0,0,0,1774.0,1,3,14,7,11,14,14,14,14,13,15,15,15,18,10,15,14,18,16,10,14,7,15,12,14,11,15,18,16,16,,James Harden,0.5977,0.5183,0.4737,1.66
By Year,2009-10,1610612760,OKC,2010-04-14T00:00:00,76,47,29,0.618,1738.383333,233,578,0.403,93,248,0.375,194,240,0.808,47,197,244,137,106,80,20,45.0,200,192,753,184,1445.3,0,0,1427.0,8,8,17,15,14,17,17,19,17,17,5,17,17,20,9,16,16,19,16,11,15,6,14,16,17,13,17,18,16,17,,James Harden,0.5508,0.4836,0.4291,1.29
By Year,2025-26,1610612747,LAL,2026-04-02T00:00:00,64,43,21,0.672,2288.65,693,1457,0.476,254,694,0.366,503,645,0.78,41,454,495,530,255,105,34,28.0,153,464,2143,187,3694.0,34,8,3700.0,6,3,3,2,5,3,2,4,2,2,3,2,2,3,7,7,7,5,5,1,4,3,7,3,2,3,3,5,6,2,,Luka Dončić,0.6155,0.5628,0.4763,2.08
By Year,2024-25,-1,TOT,2025-04-11T00:00:00,50,31,19,0.62,1768.533333,461,1025,0.45,177,481,0.368,309,395,0.782,40,369,409,383,179,89,21,30.0,126,293,1408,344,2624.3,21,5,2597.0,1,1,1,1,1,1,1,1,1,1,1,1,1,1,1,1,1,1,1,1,1,1,1,1,1,1,1,1,1,1,,Luka Dončić,0.5873,0.5361,0.4693,2.14
By Year,2024-25,1610612747,LAL,2025-04-11T00:00:00,28,18,10,0.643,984.016666,245,559,0.438,102,269,0.379,197,249,0.791,24,202,226,211,104,45,12,19.0,68,167,789,176,1443.7,11,2,1442.0,8,8,2,4,8,8,8,8,8,8,2,8,8,1,8,8,8,8,8,8,8,2,2,8,8,4,8,8,9,8,,Luka Dončić,0.5901,0.5295,0.4812,2.03
By Year,2024-25,1610612742,DAL,2024-12-25T00:00:00,22,13,9,0.591,784.516666,216,466,0.464,75,212,0.354,112,146,0.767,16,167,183,172,75,44,9,11.0,58,126,619,168,1180.6,10,3,1155.0,9,9,1,6,9,9,9,5,9,9,4,9,9,4,9,9,9,9,9,9,9,1,1,9,9,5,9,9,8,9,,Luka Dončić,0.5837,0.544,0.4549,2.29
By Year,2023-24,1610612742,DAL,2024-04-10T00:00:00,70,46,24,0.657,2624.066666,804,1652,0.487,284,744,0.382,478,608,0.786,59,588,647,686,282,99,38,50.0,149,477,2370,319,4304.4,49,21,4261.0,2,1,5,3,1,1,1,2,1,1,1,3,3,2,3,1,1,1,2,2,1,6,5,2,1,1,1,1,1,1,,Luka Dončić,0.6173,0.5726,0.4504,2.43
By Year,2022-23,1610612742,DAL,2023-04-07T00:00:00,66,33,33,0.5,2390.5,719,1449,0.496,185,541,0.342,515,694,0.742,54,515,569,529,236,90,33,44.0,166,481,2138,128,3747.3,36,10,3667.0,3,6,8,8,2,2,3,1,5,5,7,1,1,7,5,3,4,6,7,3,5,4,9,1,3,8,2,4,4,3,,Luka Dončić,0.6093,0.56,0.3734,2.24
By Year,2021-22,1610612742,DAL,2022-04-10T00:00:00,65,44,21,0.677,2300.733333,641,1403,0.457,201,569,0.353,364,489,0.744,56,537,593,568,292,75,36,44.0,145,402,1847,146,3451.6,44,10,3431.0,5,2,3,1,4,5,4,7,3,3,5,5,5,6,4,2,2,2,1,5,2,4,4,6,4,7,4,2,4,4,,Luka Dončić,0.5707,0.5285,0.4056,1.95
By Year,2020-21,1610612742,DAL,2021-05-16T00:00:00,66,40,26,0.606,2262.366666,647,1351,0.479,192,548,0.35,344,471,0.73,54,473,527,567,281,64,36,51.0,152,364,1830,164,3331.9,26,11,3316.0,3,4,7,5,6,4,5,3,4,4,6,7,7,8,5,6,6,3,3,6,2,7,6,7,5,6,5,6,3,5,,Luka Dončić,0.5872,0.55,0.4056,2.02
By Year,2019-20,1610612742,DAL,2020-08-13T00:00:00,61,36,25,0.59,2047.25,581,1255,0.463,171,541,0.316,426,562,0.758,78,495,573,538,260,62,14,67.0,153,456,1759,254,3221.6,39,17,3193.0,7,5,6,7,7,6,6,6,6,5,9,4,4,5,2,4,3,4,4,7,7,9,7,4,6,2,6,3,2,6,,Luka Dončić,0.5854,0.5311,0.4311,2.07
By Year,2018-19,1610612742,DAL,2019-04-09T00:00:00,72,28,44,0.389,2317.733333,506,1186,0.427,168,514,0.327,346,485,0.713,86,477,563,429,247,77,25,52.0,137,404,1526,-118,2904.1,24,8,2890.0,1,7,9,9,3,7,7,9,7,7,8,6,6,9,1,5,5,7,6,4,6,8,3,5,7,9,7,7,6,7,,Luka Dončić,0.5452,0.4975,0.4334,1.74
By Year,2025-26,1610612743,DEN,2026-04-06T00:00:00,63,41,22,0.651,2215.583333,632,1112,0.568,111,292,0.38,387,467,0.829,184,628,812,686,241,90,52,50.0,172,423,1762,525,3950.4,54,33,3655.0,11,9,2,6,9,6,6,6,2,2,5,1,2,3,8,6,6,3,4,6,6,4,2,3,5,4,4,7,2,4,,Nikola Jokić,0.6687,0.6183,0.2626,2.85
By Year,2024-25,1610612743,DEN,2025-04-13T00:00:00,70,46,24,0.657,2570.8,786,1364,0.576,138,331,0.417,361,451,0.8,200,692,892,716,230,127,45,63.0,160,410,2071,594,4501.4,59,34,4161.0,9,5,3,4,2,2,2,5,1,1,1,3,3,11,6,3,3,1,6,1,10,8,1,6,2,3,2,4,1,2,,Nikola Jokić,0.6627,0.6268,0.2427,3.11
By Year,2023-24,1610612743,DEN,2024-04-14T00:00:00,79,55,24,0.696,2736.533333,822,1411,0.583,83,231,0.359,358,438,0.817,223,753,976,708,237,108,68,68.0,194,426,2085,682,4609.2,68,25,4204.0,3,1,3,1,1,1,1,3,6,8,6,4,4,7,2,2,2,2,5,3,1,11,6,2,1,1,1,1,4,1,,Nikola Jokić,0.6501,0.612,0.1637,2.99
By Year,2022-23,1610612743,DEN,2023-04-08T00:00:00,69,48,21,0.696,2323.016666,646,1022,0.632,57,149,0.383,341,415,0.822,167,650,817,678,247,87,47,49.0,174,392,1690,640,3842.4,58,29,3510.0,10,3,1,2,8,5,8,1,9,9,4,6,5,5,10,4,5,4,3,8,9,3,3,7,6,2,6,5,3,6,,Nikola Jokić,0.7015,0.66,0.1458,2.74
By Year,2021-22,1610612743,DEN,2022-04-07T00:00:00,74,46,28,0.622,2475.616666,764,1311,0.583,97,288,0.337,379,468,0.81,206,813,1019,584,281,109,63,66.0,191,483,2004,444,4337.8,66,19,4048.0,5,5,8,8,5,3,3,2,4,3,7,2,1,10,4,1,1,6,1,2,2,9,4,1,3,5,3,2,5,3,,Nikola Jokić,0.6605,0.6198,0.2197,2.08
By Year,2020-21,1610612743,DEN,2021-05-16T00:00:00,72,47,25,0.653,2487.883333,732,1293,0.566,92,237,0.388,342,394,0.868,205,575,780,599,222,95,48,62.0,192,418,1898,384,3939.5,60,16,3655.0,8,4,5,5,4,4,4,7,5,7,3,5,6,1,5,8,8,5,8,5,8,7,5,4,4,6,5,3,6,4,,Nikola Jokić,0.6472,0.6017,0.1833,2.7
By Year,2019-20,1610612743,DEN,2020-08-14T00:00:00,73,46,27,0.63,2335.45,565,1071,0.528,80,255,0.314,246,301,0.817,166,545,711,512,226,85,44,32.0,222,365,1456,255,3238.2,43,13,3017.0,6,5,6,7,7,8,7,8,8,6,10,9,9,8,11,9,10,8,7,9,11,1,10,9,8,10,9,8,7,9,,Nikola Jokić,0.6049,0.5649,0.2381,2.27
By Year,2018-19,1610612743,DEN,2019-04-10T00:00:00,80,53,27,0.663,2503.6,616,1206,0.511,83,270,0.307,289,352,0.821,228,637,865,580,248,108,55,67.0,228,418,1604,316,3753.0,56,12,3458.0,1,2,6,3,3,7,5,10,6,5,11,7,7,6,1,5,4,7,2,3,4,10,11,4,7,8,7,6,8,7,,Nikola Jokić,0.5893,0.5452,0.2239,2.34
By Year,2017-18,1610612743,DEN,2018-04-11T00:00:00,75,43,32,0.573,2442.6,504,1010,0.499,111,280,0.396,266,313,0.85,195,608,803,458,210,90,61,44.0,212,381,1385,355,3278.6,38,10,3059.0,4,8,9,9,6,9,9,11,2,4,2,8,8,2,7,7,7,9,9,6,3,2,8,8,9,7,8,10,9,8,,Nikola Jokić,0.6034,0.554,0.2772,2.18
By Year,2016-17,1610612743,DEN,2017-04-12T00:00:00,73,37,36,0.507,2037.733333,494,854,0.578,45,139,0.324,188,228,0.825,212,506,718,359,171,61,55,50.0,214,234,1221,298,2798.1,39,6,2575.0,6,10,10,10,10,10,10,4,10,10,9,10,10,4,3,10,9,10,10,11,4,4,9,10,10,9,10,9,10,10,,Nikola Jokić,0.6397,0.6048,0.1628,2.1
By Year,2015-16,1610612743,DEN,2016-04-13T00:00:00,80,31,49,0.388,1732.55,307,600,0.512,28,84,0.333,154,190,0.811,181,379,560,189,104,79,50,57.0,208,198,796,92,2034.5,16,0,1831.0,1,11,11,11,11,11,11,9,11,11,8,11,11,9,9,11,11,11,11,10,7,6,7,11,11,11,11,11,11,11,,Nikola Jokić,0.5822,0.535,0.14,1.82
