PLAYER_NAME_LABEL,ERA,FGA,FGM,AVG_DISTANCE,FG_PCT
Allen Iverson,ATL,368,164,11.716741319543967,0.4457
Allen Iverson,BOS,394,171,13.575806682725618,0.434
Allen Iverson,CHA,81,32,11.70786469632218,0.3951
Allen Iverson,CHH,287,126,11.269222341662148,0.439
Allen Iverson,CHI,395,181,13.123242024959712,0.4582
Allen Iverson,CLE,473,212,12.528638454124152,0.4482
Allen Iverson,DAL,243,110,12.79354443791825,0.4527
Allen Iverson,DEN,1530,703,11.360217684306901,0.4595
Allen Iverson,DET,737,307,12.03458544604804,0.4166
Allen Iverson,GSW,262,124,12.94776018597533,0.4733
Allen Iverson,HOU,233,102,13.236150076829336,0.4378
Allen Iverson,IND,395,161,13.187268640266968,0.4076
Allen Iverson,LAC,264,112,11.341654168339735,0.4242
Allen Iverson,LAL,310,115,11.458463878747422,0.371
Allen Iverson,MEM,177,72,13.551244359718924,0.4068
Allen Iverson,MIA,418,171,13.072439352910129,0.4091
Allen Iverson,MIL,446,200,11.064819686727596,0.4484
Allen Iverson,MIN,218,93,11.80011020293612,0.4266
Allen Iverson,NJN,478,196,13.031139015448318,0.41
Allen Iverson,NOH,99,42,12.602978515925066,0.4242
Allen Iverson,NOK,69,26,10.229315514826519,0.3768
Allen Iverson,NYK,475,173,12.681362026583693,0.3642
Allen Iverson,OKC,14,6,7.125131132110544,0.4286
Allen Iverson,ORL,430,169,12.643842884191423,0.393
Allen Iverson,PHI,8593,3654,11.956410833241392,0.4252
Allen Iverson,PHX,241,84,13.86804727041517,0.3485
Allen Iverson,POR,323,140,12.764073399806996,0.4334
Allen Iverson,SAC,296,120,13.923778567207346,0.4054
Allen Iverson,SAS,233,92,12.074342654196553,0.3948
Allen Iverson,SEA,274,115,12.94892104272125,0.4197
Allen Iverson,TOR,412,190,12.878533721559942,0.4612
Allen Iverson,UTA,245,96,12.601855263671414,0.3918
Allen Iverson,VAN,101,42,13.283979689157535,0.4158
Allen Iverson,WAS,392,166,11.904211775652017,0.4235
Dirk Nowitzki,ATL,301,147,16.243750648319686,0.4884
Dirk Nowitzki,BKN,98,41,18.21605660305202,0.4184
Dirk Nowitzki,BOS,292,139,15.404886112252093,0.476
Dirk Nowitzki,CHA,179,81,15.462230382476026,0.4525
Dirk Nowitzki,CHH,50,21,11.519079449797637,0.42
Dirk Nowitzki,CHI,275,111,16.410085159228462,0.4036
Dirk Nowitzki,CLE,265,112,15.190511476548595,0.4226
Dirk Nowitzki,DAL,11116,5289,14.950104282863673,0.4758
Dirk Nowitzki,DEN,512,238,15.328194532553283,0.4648
Dirk Nowitzki,DET,291,136,16.088866940102342,0.4674
Dirk Nowitzki,GSW,452,212,15.094318342951707,0.469
Dirk Nowitzki,HOU,494,234,14.034536277815441,0.4737
Dirk Nowitzki,IND,260,114,16.659486864381485,0.4385
Dirk Nowitzki,LAC,486,222,16.344018731018586,0.4568
Dirk Nowitzki,LAL,511,236,15.113233809278215,0.4618
Dirk Nowitzki,MEM,478,208,14.889836736049732,0.4351
Dirk Nowitzki,MIA,324,155,16.740652732226096,0.4784
Dirk Nowitzki,MIL,256,118,15.427055124732021,0.4609
Dirk Nowitzki,MIN,530,262,16.200811368582308,0.4943
Dirk Nowitzki,NJN,198,83,15.31058443982784,0.4192
Dirk Nowitzki,NOH,267,130,14.209528880197697,0.4869
Dirk Nowitzki,NOK,29,16,13.841610485640214,0.5517
Dirk Nowitzki,NOP,139,66,18.469521492559497,0.4748
Dirk Nowitzki,NYK,282,141,16.35771894645821,0.5
Dirk Nowitzki,OKC,236,110,15.336710566980443,0.4661
Dirk Nowitzki,ORL,263,120,15.392072173730181,0.4563
Dirk Nowitzki,PHI,249,120,16.246900378901362,0.4819
Dirk Nowitzki,PHX,467,214,14.97010082771448,0.4582
Dirk Nowitzki,POR,484,230,16.657454620572665,0.4752
Dirk Nowitzki,SAC,485,219,16.06525358158707,0.4515
Dirk Nowitzki,SAS,573,254,14.998708852521577,0.4433
Dirk Nowitzki,SEA,272,126,14.766324653868864,0.4632
Dirk Nowitzki,TOR,243,121,15.67379117171956,0.4979
Dirk Nowitzki,UTA,502,246,16.64445265264935,0.49
Dirk Nowitzki,VAN,60,30,15.303122741499378,0.5
Dirk Nowitzki,WAS,251,116,16.671575361646063,0.4622
James Harden,ATL,24,11,18.363030266937137,0.4583
James Harden,BKN,13,10,11.4808071799091,0.7692
James Harden,BOS,22,9,15.996865423467119,0.4091
James Harden,CHA,40,23,16.596332855890743,0.575
James Harden,CHI,25,9,13.651636350378107,0.36
James Harden,CLE,28,12,17.651788406590526,0.4286
James Harden,DAL,25,13,15.583532110276709,0.52
James Harden,DEN,33,15,16.766019392805806,0.4545
James Harden,DET,20,4,14.51853348787848,0.2
James Harden,GSW,15,6,13.975650812731377,0.4
James Harden,HOU,18,7,17.247449202026658,0.3889
James Harden,LAC,347,137,17.37940574559505,0.3948
James Harden,LAL,21,9,17.290513723521194,0.4286
James Harden,MEM,13,6,19.073443832601605,0.4615
James Harden,MIA,6,2,20.50855203514701,0.3333
James Harden,MIN,18,10,12.35532848053795,0.5556
James Harden,NYK,17,6,13.075691807703459,0.3529
James Harden,OKC,14,8,15.754467169681874,0.5714
James Harden,ORL,16,8,20.90993558536278,0.5
James Harden,PHI,25,7,15.113648826122592,0.28
James Harden,POR,17,10,15.179921279084354,0.5882
James Harden,SAC,13,7,19.55024104758884,0.5385
James Harden,TOR,27,10,17.950744673666055,0.3704
James Harden,UTA,26,10,19.655005508525495,0.3846
James Harden,WAS,17,9,11.320671256723202,0.5294
Kevin Durant,ATL,22,12,16.605008375367113,0.5455
Kevin Durant,BKN,15,8,17.11429952329773,0.5333
Kevin Durant,BOS,11,8,18.45614204842022,0.7273
Kevin Durant,CHA,20,14,14.827300246836568,0.7
Kevin Durant,CLE,18,6,17.170818018041317,0.3333
Kevin Durant,DAL,46,25,13.341586282083515,0.5435
Kevin Durant,DEN,28,16,16.687465843605107,0.5714
Kevin Durant,DET,19,11,21.120296145236633,0.5789
Kevin Durant,HOU,463,220,16.18525835415615,0.4752
Kevin Durant,LAC,15,8,14.479499068773931,0.5333
Kevin Durant,LAL,14,8,17.260903615772158,0.5714
Kevin Durant,MEM,18,5,11.211449191428287,0.2778
Kevin Durant,MIL,15,11,14.57700004691468,0.7333
Kevin Durant,NOP,15,12,17.44840846253347,0.8
Kevin Durant,NYK,26,10,17.091922194304956,0.3846
Kevin Durant,OKC,26,15,15.839274236558452,0.5769
Kevin Durant,PHI,21,13,19.912761270883166,0.619
Kevin Durant,POR,46,25,18.786984078657962,0.5435
Kevin Durant,SAC,39,17,19.346892070302026,0.4359
Kevin Durant,SAS,18,8,13.610336075331453,0.4444
Kevin Durant,TOR,19,11,17.02600005174967,0.5789
Kevin Durant,UTA,39,20,15.897204887813114,0.5128
Kobe Bryant,ATL,301,136,14.54849328307356,0.4518
Kobe Bryant,BKN,40,14,12.18210527711258,0.35
Kobe Bryant,BOS,376,151,14.387231344015733,0.4016
Kobe Bryant,CHA,223,102,15.263735699958636,0.4574
Kobe Bryant,CHH,71,32,11.657652275064418,0.4507
Kobe Bryant,CHI,311,136,14.774636045186988,0.4373
Kobe Bryant,CLE,323,137,13.993146361871771,0.4241
Kobe Bryant,DAL,584,254,13.835683875131817,0.4349
Kobe Bryant,DEN,689,306,14.601593649825215,0.4441
Kobe Bryant,DET,314,134,14.302785231362748,0.4268
Kobe Bryant,GSW,683,304,13.598719347262218,0.4451
Kobe Bryant,HOU,633,267,14.226984753741172,0.4218
Kobe Bryant,IND,305,121,14.841817035259847,0.3967
Kobe Bryant,LAC,626,281,13.882339522423306,0.4489
Kobe Bryant,LAL,12805,5853,13.49299363956923,0.4571
Kobe Bryant,MEM,513,237,13.056905484715735,0.462
Kobe Bryant,MIA,294,131,14.123444486410778,0.4456
Kobe Bryant,MIL,282,123,12.65372087774712,0.4362
Kobe Bryant,MIN,606,259,14.373799595788222,0.4274
Kobe Bryant,NJN,241,100,13.684295979480256,0.4149
Kobe Bryant,NOH,247,116,14.327670908972976,0.4696
Kobe Bryant,NOK,110,48,15.368558765088373,0.4364
Kobe Bryant,NOP,81,30,18.288902712347483,0.3704
Kobe Bryant,NYK,330,152,14.742525029399586,0.4606
Kobe Bryant,OKC,179,72,15.067549028350648,0.4022
Kobe Bryant,ORL,336,144,13.592334315691089,0.4286
Kobe Bryant,PHI,332,143,14.76686615296587,0.4307
Kobe Bryant,PHX,624,280,14.935860936166586,0.4487
Kobe Bryant,POR,652,296,14.326180874416046,0.454
Kobe Bryant,SAC,681,304,14.638406342910727,0.4464
Kobe Bryant,SAS,646,278,13.818089593006261,0.4303
Kobe Bryant,SEA,419,198,14.453759396637047,0.4726
Kobe Bryant,TOR,338,160,13.636095542403213,0.4734
Kobe Bryant,UTA,546,223,15.309469766649885,0.4084
Kobe Bryant,VAN,131,62,10.626436898311766,0.4733
Kobe Bryant,WAS,326,133,15.301218064569996,0.408
LeBron James,BKN,16,10,8.038133611297873,0.625
LeBron James,CHI,19,9,11.75627046605928,0.4737
LeBron James,CLE,10,3,10.866040093279285,0.3
LeBron James,DAL,16,8,8.921142901693164,0.5
LeBron James,DEN,15,8,8.122364972144938,0.5333
LeBron James,LAC,47,24,11.347344807312425,0.5106
LeBron James,LAL,316,159,13.01260936556746,0.5032
LeBron James,NOP,19,10,11.225812821731187,0.5263
LeBron James,NYK,15,9,14.806819471004518,0.6
LeBron James,PHI,17,12,15.520298738287792,0.7059
LeBron James,PHX,31,15,13.922487572674584,0.4839
LeBron James,POR,16,6,11.578150419663038,0.375
LeBron James,SAC,17,8,11.827567040400508,0.4706
LeBron James,TOR,17,4,11.44727189957218,0.2353
LeBron James,UTA,35,16,11.30795343822549,0.4571
LeBron James,WAS,16,8,9.362534401872598,0.5
Luka Dončić,ATL,17,7,20.935534550634475,0.4118
Luka Dončić,BKN,18,8,19.313874539422525,0.4444
Luka Dončić,CHA,28,14,19.0322547235676,0.5
Luka Dončić,CHI,25,15,18.807268328517736,0.6
Luka Dončić,CLE,20,12,15.82501550694262,0.6
Luka Dončić,DAL,15,8,17.190131178927512,0.5333
Luka Dončić,DEN,21,12,16.332474191710837,0.5714
Luka Dončić,LAC,40,15,18.959788397546923,0.375
Luka Dončić,LAL,486,227,17.085430171064473,0.4671
Luka Dončić,MEM,27,14,17.977685838785735,0.5185
Luka Dončić,MIL,19,9,21.331783929551676,0.4737
Luka Dončić,NOP,38,17,18.11297671013249,0.4474
Luka Dončić,NYK,23,10,18.578994064004238,0.4348
Luka Dončić,OKC,20,7,16.51643481348669,0.35
Luka Dončić,PHI,24,9,17.826354791021156,0.375
Luka Dončić,PHX,25,7,20.08197787539199,0.28
Luka Dončić,SAC,25,16,15.995296286101341,0.64
Luka Dončić,SAS,26,13,16.13639860323936,0.5
Luka Dončić,UTA,52,24,18.41510738060127,0.4615
Luka Dončić,WAS,21,13,21.629021235945448,0.619
Michael Jordan,ATL,175,82,12.25386335684644,0.4686
Michael Jordan,BOS,155,70,12.593110073316256,0.4516
Michael Jordan,CHH,126,62,10.559932200641436,0.4921
Michael Jordan,CHI,1844,896,12.662813507254143,0.4859
Michael Jordan,CLE,171,69,13.438871892056367,0.4035
Michael Jordan,DAL,83,35,13.815091266494987,0.4217
Michael Jordan,DEN,67,29,13.590278246436737,0.4328
Michael Jordan,DET,130,51,14.190774942993515,0.3923
Michael Jordan,GSW,57,21,13.121344838381022,0.3684
Michael Jordan,HOU,94,39,13.455219517971447,0.4149
Michael Jordan,IND,174,71,13.778647165665557,0.408
Michael Jordan,LAC,88,40,13.527946234134777,0.4545
Michael Jordan,LAL,90,39,13.86519173192762,0.4333
Michael Jordan,MEM,37,17,13.868776196867964,0.4595
Michael Jordan,MIA,173,75,12.777942540600327,0.4335
Michael Jordan,MIL,142,68,12.528962517610413,0.4789
Michael Jordan,MIN,98,40,13.421958777539556,0.4082
Michael Jordan,NJN,149,58,13.684140612055174,0.3893
Michael Jordan,NOH,44,17,11.675473260384306,0.3864
Michael Jordan,NYK,213,99,12.378747952543172,0.4648
Michael Jordan,ORL,114,45,12.908460006244288,0.3947
Michael Jordan,PHI,153,65,13.128962773815068,0.4248
Michael Jordan,PHX,87,40,12.921359005138745,0.4598
Michael Jordan,POR,73,37,14.455211514876575,0.5068
Michael Jordan,SAC,75,33,12.815007509504838,0.44
Michael Jordan,SAS,77,34,13.543077738146243,0.4416
Michael Jordan,SEA,75,42,13.404185302160235,0.56
Michael Jordan,TOR,132,47,12.961544036921213,0.3561
Michael Jordan,UTA,93,41,14.472638487172507,0.4409
Michael Jordan,VAN,34,19,12.650377215171448,0.5588
Michael Jordan,WAS,1613,750,13.78554790238644,0.465
Nikola Jokić,ATL,26,13,12.790243186032594,0.5
Nikola Jokić,CHA,16,11,15.823247364944184,0.6875
Nikola Jokić,CHI,12,7,11.957171577325973,0.5833
Nikola Jokić,DAL,22,12,14.765103504225833,0.5455
Nikola Jokić,DEN,321,189,10.964525206330608,0.5888
Nikola Jokić,DET,19,9,10.386434881404668,0.4737
Nikola Jokić,GSW,44,19,14.703422328223503,0.4318
Nikola Jokić,HOU,20,11,16.04759490340356,0.55
Nikola Jokić,IND,17,9,10.133138562789364,0.5294
Nikola Jokić,LAC,45,27,11.093807717856103,0.6
Nikola Jokić,MEM,9,5,16.98151010503496,0.5556
Nikola Jokić,MIA,14,9,11.722210803550098,0.6429
Nikola Jokić,MIN,25,17,9.419693926163797,0.68
Nikola Jokić,NOP,18,10,10.020090541465661,0.5556
Nikola Jokić,NYK,27,10,14.961865291464084,0.3704
Nikola Jokić,ORL,22,11,6.716603553024219,0.5
Nikola Jokić,PHX,7,7,11.959512299056263,1.0
Nikola Jokić,POR,25,17,12.574557770171438,0.68
Nikola Jokić,SAC,35,30,8.429350392341536,0.8571
Stephen Curry,BKN,15,8,22.715762412638576,0.5333
Stephen Curry,CHA,16,9,18.966263446848867,0.5625
Stephen Curry,DAL,27,14,18.838518908905414,0.5185
Stephen Curry,GSW,386,182,19.71634640536131,0.4715
Stephen Curry,IND,23,8,20.84291759079331,0.3478
Stephen Curry,LAC,23,9,21.25453598183162,0.3913
Stephen Curry,LAL,14,6,19.225008060826728,0.4286
Stephen Curry,MIL,19,8,16.89331011757411,0.4211
Stephen Curry,MIN,18,7,18.310350580797056,0.3889
Stephen Curry,NOP,11,2,16.687975367481286,0.1818
Stephen Curry,OKC,13,4,14.50704234676017,0.3077
Stephen Curry,ORL,23,12,20.31988194813153,0.5217
Stephen Curry,PHX,13,3,22.11891871874066,0.2308
Stephen Curry,POR,48,28,20.41036634339887,0.5833
Stephen Curry,SAS,51,29,19.758849279969052,0.5686
Stephen Curry,TOR,30,12,15.664005296660626,0.4
Stephen Curry,UTA,14,7,20.34495555392772,0.5
